fault_id,healthy,R1:open,R1:short,R1:parametric:-0.5,R1:parametric:-0.25,R1:parametric:-0.1,R1:parametric:+0.1,R1:parametric:+0.25,R1:parametric:+0.5,R2:open,R2:short,R2:parametric:-0.5,R2:parametric:-0.25,R2:parametric:-0.1,R2:parametric:+0.1,R2:parametric:+0.25,R2:parametric:+0.5,R3:open,R3:short,R3:parametric:-0.5,R3:parametric:-0.25,R3:parametric:-0.1,R3:parametric:+0.1,R3:parametric:+0.25,R3:parametric:+0.5,R4:open,R4:short,R4:parametric:-0.5,R4:parametric:-0.25,R4:parametric:-0.1,R4:parametric:+0.1,R4:parametric:+0.25,R4:parametric:+0.5,R5:open,R5:short,R5:parametric:-0.5,R5:parametric:-0.25,R5:parametric:-0.1,R5:parametric:+0.1,R5:parametric:+0.25,R5:parametric:+0.5,R6:open,R6:short,R6:parametric:-0.5,R6:parametric:-0.25,R6:parametric:-0.1,R6:parametric:+0.1,R6:parametric:+0.25,R6:parametric:+0.5,R7:open,R7:short,R7:parametric:-0.5,R7:parametric:-0.25,R7:parametric:-0.1,R7:parametric:+0.1,R7:parametric:+0.25,R7:parametric:+0.5,R8:open,R8:short,R8:parametric:-0.5,R8:parametric:-0.25,R8:parametric:-0.1,R8:parametric:+0.1,R8:parametric:+0.25,R8:parametric:+0.5,R9:open,R9:short,R9:parametric:-0.5,R9:parametric:-0.25,R9:parametric:-0.1,R9:parametric:+0.1,R9:parametric:+0.25,R9:parametric:+0.5,R10:open,R10:short,R10:parametric:-0.5,R10:parametric:-0.25,R10:parametric:-0.1,R10:parametric:+0.1,R10:parametric:+0.25,R10:parametric:+0.5,C1:open,C1:short,C1:parametric:-0.5,C1:parametric:-0.25,C1:parametric:-0.1,C1:parametric:+0.1,C1:parametric:+0.25,C1:parametric:+0.5,C2:open,C2:short,C2:parametric:-0.5,C2:parametric:-0.25,C2:parametric:-0.1,C2:parametric:+0.1,C2:parametric:+0.25,C2:parametric:+0.5,XU1.aol:parametric:x0.001,XU1.gbw:parametric:x0.01,XU2.aol:parametric:x0.001,XU2.gbw:parametric:x0.01,XU3.aol:parametric:x0.001,XU3.gbw:parametric:x0.01,XU4.aol:parametric:x0.001,XU4.gbw:parametric:x0.01
healthy,0.0,8.716614901206588,16.968497162808088,9.898172026291295,4.127075730238676,1.9552513795372044,1.0392738232245171,1.8596924784938016,3.864781569312288,15.117243510518785,1.9250979175756564,11.656056493203169,3.2641692602927863,1.0569904882862375,1.360475977537207,3.3455833095118503,7.302522612851661,17.163187344270032,64.49185010169518,9.992034865970876,3.4992518771945456,1.3401420935924169,1.2330408782451863,2.6546640297581416,4.817758067694818,25.936905278288858,14.389114346347107,10.375755674833906,3.2013390905922936,0.9237310067212283,0.9818647023565474,1.8900027670644104,3.4705764973936457,23.00633846039858,5.8217530714328145,9.765808960749194,3.1156018336110436,0.853835871377477,0.9105567792170434,1.9431070338300342,3.4808468408806887,6.47077263250387,20.16979948992122,6.39511060916868,2.3016778582427397,0.7880232787707302,0.7226083058279115,2.320029382610904,4.595996271943037,17.49053014870252,6.855047476000963,11.313298854714768,4.703464312068663,1.8050413248157402,1.5159358360213488,3.31635145879554,5.88153006522752,28.67905289037664,105.20806337713596,15.864703132881186,7.387326164661324,2.5277976500123156,2.0963304652937493,5.4721218913224305,9.528959931305566,12.884423464523985,15.560791081603343,7.985660343399271,3.200400643039312,1.3390189903896668,1.2080512594125843,2.415596089732242,4.677392519586601,11.138640045779741,25.965776073613984,11.74924707327439,5.050396846974848,1.9758581502159573,1.7844988427815407,4.1446239316187965,7.046241068504259,23.765160517667756,17.208526465602425,8.597746497642458,3.2643563945873217,1.061006255354213,1.1565688366480442,2.574774992012566,4.833452176574265,4.72183153613353,23.17948949516176,9.990616760425015,2.834496771911342,0.9303136480857265,0.8382726007375173,1.8191539508001764,3.635973231641292,0.22112069361902262,1.8239928083999295,0.19858217744807868,1.9588718376560592,0.149741071100999,2.8400465612584935,0.35114370212867013,22.170969652945335
R1:open,8.716614901206588,0.0,13.826327543810825,11.025019472047921,9.781734785777761,9.120060564444595,8.364657783798044,7.888377669229374,7.0876378341902875,11.338699987536781,3.084951929141381,12.910209717078466,9.902117792821004,8.982134650911933,8.420634078176331,8.168513810144853,8.137406308564891,13.860647769492134,30.89277669105435,7.034547447776622,6.9354303822907575,8.18634467880468,9.219577593934533,9.722151988120281,10.462829468031718,12.802124726880011,14.968493161868828,10.262266915068158,8.473081128980478,8.60634815591375,8.976541464247626,9.27664712807316,9.970490914377182,12.786789002857446,10.262603541526753,10.374845612258445,8.5051337546375,8.558826656368879,8.951226109677217,9.235112630695616,10.018925047177156,10.9739488412394,12.770527599949634,10.89732562551498,9.523999779894703,8.95753415239983,8.655197534697708,8.59479897639558,8.692063167722853,8.685753208441966,5.810384296577034,8.350526518033263,8.615908904276221,8.817123461560604,8.712681868510503,8.858993995848156,8.771166993937003,11.01283893362907,35.944092304313756,15.345699161215236,9.547365566076206,8.466406570605239,8.913510873831852,9.204687113105546,9.520982046130456,13.32399381717847,13.62682691409619,6.816963997067688,6.7980345039235015,8.170051913829186,9.204098197842013,9.642783007779077,10.416273462041744,8.919082295688018,16.148518770174533,12.501730902278863,10.553044628623386,9.492523356277925,7.814387722404235,7.442451945764825,8.469134912902309,16.06135950404498,13.85999908591889,11.542135726322622,9.451609657767909,8.962177326164852,8.576828506027297,8.539696144606378,9.071704528346938,9.43635532959712,12.792579315064659,10.197694266471037,8.496146792107872,8.405971898074633,8.852788920925502,9.323265990431342,9.846135717660518,8.72322497725024,7.25740734144387,8.731249886429673,8.646279930432527,8.723780667666954,6.85556127743582,8.835459244790153,10.800435723585068
R1:short,16.968497162808088,13.826327543810825,0.0,27.51182191631823,23.40778469420316,17.30889959959037,17.369093908362707,17.396425262424508,16.142969430534368,16.506463223950366,0.8254398486236221,23.402466206707302,9.731992874102042,13.601337019572906,14.887651058362623,13.518595327613752,18.09524351779801,0.5020788559440558,69.43073504686217,18.795171064233227,16.8174618176217,18.156245015591622,17.10918993643702,14.635862818316237,16.87953880393913,25.854171432241852,7.720460811187439,21.488803733044115,10.571101865119143,17.74467066585593,16.71524450738842,13.824299290736157,14.71468198669845,22.85315442061064,8.26295219641001,18.20510877144493,11.631938715495544,16.428843920385052,16.175244755372503,15.596467909311517,17.947255190855458,5.848784897281506,22.688125086180488,22.233858617398884,14.130637950568056,16.789056584013196,18.57577525143212,15.105097603241884,14.081317164379502,14.653796431538137,7.743584517216368,18.83860147484407,16.3839922710446,19.456094671462623,17.972979185291592,16.833320238701607,17.029421293268186,37.35690940422858,176.90041927564064,21.97567182775225,18.63141397235198,18.630235320846353,15.205386984027472,16.23124687179368,20.143009169165744,20.1373305053884,16.960188372429865,18.421837377414615,14.871069717578603,17.920996329556967,17.423488887929516,15.769299902234046,15.715262194890137,12.237477318691358,29.29018213045822,19.863915502818845,14.644707491128111,16.67932692421987,16.033411077214023,19.429784519127956,19.28193393227772,19.483241480332445,0.2812609998004211,24.703097772394365,14.166767319869548,15.701868635503457,17.15087054215425,12.94034918373634,10.249984997602574,3.46771759197398,23.590791289484546,19.213533442323275,10.83168776989237,13.776786820585327,16.142631257942806,14.75006727547291,15.993668510428943,16.491371840197434,12.10013209724686,16.873919016416295,12.972792423755369,17.946550253790473,12.98829769938149,16.15456706622791,21.990220680806278
R1:parametric:-0.5,9.898172026291295,11.025019472047921,27.51182191631823,0.0,5.5100099990603315,8.72113628386528,9.65707357439361,8.177923372148847,8.600276836614098,14.639301402940205,1.6192573684077867,9.204009450425852,8.119232830196761,10.263929779609967,9.222337373781382,6.008045384884693,6.496637734379827,27.48413680039578,65.696093001129,13.046068275499355,9.58854501664133,9.965108517990654,10.049628515552424,9.977542539339696,10.093970319290534,12.091550851863952,11.119963651126357,14.175984741887204,6.265781299527191,9.034541951734838,8.710478626241601,6.366982962813747,9.129001650524563,11.480808981496716,6.09144856169201,13.33365111387509,6.3523142996695645,9.593722945721659,9.179805880641306,7.225237701173445,8.409293485400132,4.698393138317698,10.606265011708302,5.859397568758758,6.724531760856024,9.017325337841367,9.232898014883505,6.112253904932492,10.747929017321692,9.165191426320229,7.101824928321323,16.368912758998356,12.045784820580385,10.81475325330441,9.753168897806644,9.265588105064458,8.76607046728743,31.048955470563524,141.7918632435625,13.663755157401365,9.611100365718928,9.689211290893882,10.11005182801729,10.275654240553155,12.625530825369978,16.04139334547096,15.948763590075766,12.614501512831218,8.674542920821457,9.610810452915992,10.172180717623446,10.768413542158589,11.923898898189288,11.63207911693409,28.45260129392656,11.81785321815004,10.433808869717044,10.234674347107028,9.762414075401285,10.51278517531113,12.387118270683223,23.332212264157125,27.483013798939382,11.87124613837412,8.270597185975628,9.364738651134754,9.45776025146381,8.667426209230245,8.703733909803866,3.0695416030623695,11.534783490944866,13.681390475780107,5.281874744374242,9.763529340898755,9.39097987170224,6.609800159900681,9.584109643828551,9.64453703417583,6.227870000712293,9.790601717068917,8.749635565581706,9.746726548297909,7.086006790625831,10.064359866993016,21.192462188138332
R1:parametric:-0.25,4.127075730238676,9.781734785777761,23.40778469420316,5.5100099990603315,0.0,2.759217188042536,4.395586872361117,4.606767880987593,5.610243699878003,14.924803158418397,1.8071446521812224,10.522414568608632,5.023468722496849,4.632202370511834,3.4071981350169462,2.9740503332365664,6.4177191647641285,23.386771595996933,62.786160877754774,10.6158914380947,6.018982611617292,4.205730616128747,4.146667420749851,4.742755526705676,7.67427318185217,23.99659398325617,13.45575699976997,9.69515611353737,4.840809907789622,3.762219713359478,3.559401461189563,2.9573302834769932,5.561247715195349,21.454440154242903,5.550931719590405,9.28112254693956,4.680412109614153,3.997725771841815,3.6646836804551244,3.743137401624324,5.124180341837941,5.733749426596091,18.634548917578122,6.164143287100339,3.7843346126562913,3.705766605908058,3.885618906657495,3.3521159725561973,7.612284109187557,11.882285170448458,6.946943904009733,12.480194271493122,7.21730367186248,5.312552972243741,3.813476842596537,3.2282024485318845,3.3358496187806352,27.569470175572825,129.67077244707832,14.674573029605705,5.955456817188022,3.900145477783713,4.31554066487742,6.2897072357686685,10.02973496752378,13.337920870296685,15.694925193254612,10.163033646379317,5.411118146089005,4.182510624595563,4.513543642905427,5.0577981323602685,6.534179525207013,11.358519552544328,30.498022166811065,10.886895323157797,5.2727362931388875,4.348610536348198,4.343814581067501,7.017167018441207,9.543658272838432,26.13671002230247,23.38630396125765,8.673484367499741,4.410170319298035,3.710148005188252,4.293168942520686,4.508626265916039,7.047844090976044,4.02290229336237,21.609120910243448,9.324441108888808,4.155996747860486,4.17499624940029,3.9649181075525037,3.3259571565505373,5.839806264127801,3.9401465632212695,3.7599593978246992,4.025732844558163,4.132067588448918,3.998521842866674,4.605992646387889,4.2279853207402125,21.83648115530236
R1:parametric:-0.1,1.9552513795372044,9.120060564444595,17.30889959959037,8.72113628386528,2.759217188042536,0.0,2.542641910563396,2.8400851821397506,4.5581565704417555,15.032437172684187,1.8835984037944686,11.150836046048203,3.861487880449426,2.7089755280595442,1.309072763556774,3.0748047352866754,6.822105635722444,17.294513778401104,67.5510425482885,10.927711728258782,4.408290068989103,2.350597193913338,2.03982161518685,3.2057084818363113,5.435308345798897,25.832408681976823,13.985755888782238,9.94619171703849,3.9547869038315673,1.7632595668342705,1.748422194410042,2.358683778060653,4.387402854004168,22.89568838709693,5.559595598052404,9.544737271484355,3.8297471340591627,1.8794333642965677,1.7990000402895436,2.511913253256115,4.019556848729137,6.182271124415747,19.730445412520524,6.398442872075481,2.9092468428065543,1.8714031520414287,1.873275629046974,2.745816454457708,6.059933353454103,16.44369174792142,6.892409901237898,11.796870856255763,5.887718683775756,3.5147981663549417,1.4171269672777265,2.7370222796292736,5.182981050825526,32.12910539112869,110.59599674228033,16.007880974596244,7.387209390965494,2.248239931314584,2.689910689025318,6.4865392559298405,10.993264937082438,12.43845803125716,15.631768484672262,8.780179895726429,4.009325399337061,2.3484740795284202,2.5362982082330645,3.289109469813017,5.011730728935975,11.22374895255945,26.799932798023594,11.278789658009858,4.5818023640487056,2.2115262855697604,2.706738655079885,5.16385043805451,7.946727374759723,24.158015391627096,17.294577479077603,8.719304033525363,3.383167133149294,1.4737467963500812,2.45815371465503,3.1163976262523816,6.495274726345916,4.449222799669735,23.069059741887877,9.76076392016927,3.420889180208954,2.113909838716714,2.005169113766893,2.2299170125975105,4.628171600781889,1.7421330580494794,2.5421102784767577,1.820955501854253,2.5009913965691464,1.7940003779063745,3.3572725156669736,2.0614124957615263,21.659975115336337
R1:parametric:+0.1,1.0392738232245171,8.364657783798044,17.369093908362707,9.65707357439361,4.395586872361117,2.542641910563396,0.0,1.3354037046504883,3.327487114981991,15.189236386094583,1.9718047921520072,12.239527908533416,3.9494799639108407,1.6853098692636639,1.906320056074457,3.7455031269319456,7.6850184615159,17.553507667448123,62.49235065907323,9.264697279368288,3.5590169257694226,1.8111452682998002,2.0901405261410133,3.4650498290317175,5.62912892869764,23.74680046783611,14.841422084245174,10.72109586951362,2.7423159070676126,1.1897430058375573,1.4884600074321224,2.3521651707445566,4.147575345416693,21.456753060196124,6.065490830932498,9.766875750853645,2.6756968171700244,1.0347951355276364,1.4544541648080929,2.255802129249965,4.259797635413733,6.740293310859511,18.82883228714015,6.828820868249626,2.957908587583329,1.4378762081787908,0.9423746103225354,2.0342538808378294,3.8451927905248984,16.147175626356752,6.814664584341394,10.248278582179735,3.7664522520902253,1.1220298858897422,2.0088617784815477,3.6137313144295096,5.870053941813378,26.605851834244785,101.47533718525612,15.904439128294689,7.572586066256065,2.8764454356329336,1.5595115748848034,4.692223159680465,8.507450222778724,13.436117909386985,15.488877231904942,7.321196263139432,3.3102376613772733,1.7066735546412235,2.058935859203495,3.2453454934395354,5.493088465646001,11.061834594619949,25.93852692483912,12.365414489099187,5.839112110439602,2.8260900497804857,1.6158048458351917,3.562734875189136,6.299468471889056,23.91914710329043,17.595596738941556,8.301558804650162,3.7125176988878565,1.5126318620119952,1.0147748131763001,2.233927177008787,3.9975005988989416,4.974175105655335,21.599486024503708,9.981138110097977,2.4581760200069516,1.1840107666640363,1.3062080378762213,2.458208474181524,3.798250309802921,1.08589683385104,1.691716622541867,1.1149674481887375,1.7176527692997698,1.1095532086585433,2.5650854645094965,1.1787325184757977,21.616840526001567
R1:parametric:+0.25,1.8596924784938016,7.888377669229374,17.396425262424508,8.177923372148847,4.606767880987593,2.8400851821397506,1.3354037046504883,0.0,1.7444536598921894,15.073385462013052,2.031002563639182,12.7315287956122,4.747087075377186,2.6016987676083327,2.8726352090484326,4.391093714504756,7.869362569614239,17.56035929317065,64.33089350958309,9.159245385745457,4.251964615949977,2.801974091046038,3.0900193891724452,4.388031461730676,6.487979129855962,15.542889070895994,15.257301839063015,10.55802239673539,2.4279718993502977,1.6096830356174965,2.489989974864722,3.272847572407489,5.050934863412142,14.919372834153629,6.371924011132467,9.618285056394305,2.4057724033189984,1.6488008897410054,2.4432911307145435,3.175690425243563,5.135215626568842,7.0757559189008115,14.000855641975091,7.611158257461007,3.873918793322683,2.4418276513391333,1.7250055276138594,1.9368080504557035,4.0389091964453065,10.526924071722217,6.769976522385938,7.258680566304613,2.2173458747126893,2.278953232256809,1.812717969381721,2.8158992623595562,4.149393460659535,28.081143252767042,85.80574723339137,16.684473495220935,8.502587318985524,3.578569695601381,2.3855170948018913,4.359776472937636,8.47638374976474,13.865685528123842,15.4281376573841,6.5731119349597655,3.778497416682141,2.433419500801745,3.053639149021276,4.19116084525836,6.359746387640066,10.960014814752721,25.22185183888645,12.804761335648529,6.675257760033986,3.801177499993874,2.3526439087412405,4.344718062848878,6.075067943977344,23.544865203494943,17.595061733655935,8.6721237130302,4.377029409801798,2.5281890823634896,1.5260917700065533,2.512703633128175,4.293298674637325,5.293006616604665,14.972278378501127,9.913107380527665,2.1577204866227464,1.65311842953367,2.280762701409453,3.3820156573300815,4.652540168699842,1.8944921572242472,1.719330576650213,1.978468175413391,1.9923490177633703,1.9608442235067656,1.7687367535208136,2.1696067839142112,17.301023683917354
R1:parametric:+0.5,3.864781569312288,7.0876378341902875,16.142969430534368,8.600276836614098,5.610243699878003,4.5581565704417555,3.327487114981991,1.7444536598921894,0.0,14.833615028759498,2.114309999983081,12.640282738605483,5.61805608179268,3.705056348518764,4.771746305597277,5.936562480980503,9.475158510258586,16.2638513471747,63.3720291875436,9.127284643586666,6.122189683485692,4.727880439805094,4.207060072527097,5.34100858981116,7.167986015741128,13.414023536524658,15.273688013557923,12.130066987776646,3.3379673426621665,3.3423761703477846,4.1737420398587,4.803832636678154,5.9255295855502945,13.357606162913573,6.795880574680362,11.05043222359296,3.6425799124570823,3.4686723739384724,4.2776241015653405,5.056107238761329,6.494367689734366,7.525315774232807,13.317562533908415,8.145415461779125,5.345801257579096,4.245120819936815,3.5798124687300312,3.1325798021259676,5.188390775973322,5.332420668800375,6.701878709504575,4.444831269130827,4.17844959934047,4.315315394985043,3.7149661927181183,3.6958636673354253,3.502238384205964,26.78525291582601,85.84613057428892,17.19212210684416,9.24396922396163,4.353392507532291,3.7939944763245097,4.1710579012000775,7.396990526011564,13.621513321532001,15.318269347974526,8.049609041000593,5.586164345325327,4.272041982518694,4.171191568156968,5.172837950542712,7.057546539608758,10.79574011463699,22.454972088295154,12.45021132485807,7.335658142957759,4.835322846427,4.170352016649836,5.194302338921573,6.721034979686244,21.440179250797215,16.282979551869136,9.976262621035946,6.07162021729871,4.391086663687232,3.355633964957804,2.88093881087809,5.249202459685413,5.740846557461503,13.44077108491371,11.393404190635087,3.0624680664462365,3.474437178313183,4.29310083325958,5.018539447051463,6.1677293275524585,3.755163105760286,1.9581966891191747,4.043299548459945,3.2017146177060987,4.03982308571193,1.4260943855280594,3.730304102788548,9.843589100282193
R2:open,15.117243510518785,11.338699987536781,16.506463223950366,14.639301402940205,14.924803158418397,15.032437172684187,15.189236386094583,15.073385462013052,14.833615028759498,0.0,1.7763959807988476,18.737702981180803,15.34817187063403,15.179269028085198,15.07200879569114,15.076885552807838,15.062086080803263,16.500891705492037,62.06511532448833,16.166168232886438,15.473872591115422,15.286872473256006,15.10867945280002,15.102032037704785,15.101390915386531,14.127827784227874,12.094907803705322,23.165028922373978,15.065359271994755,15.113043712950326,15.10431109192031,15.15163112653814,15.303238235705322,14.132414341074568,6.786107859464759,21.07336243594148,15.142595228533894,15.117365022926819,15.10510444963593,15.182049805231069,15.301437675182934,6.553342206138871,14.127072027279207,15.136347411685326,15.223896014875606,15.108086288925767,15.12276421111273,14.903535036840571,17.412144059652157,14.886126603577248,6.97039150739463,18.44348689061506,16.252180520084178,15.517455169221805,15.074299276019957,15.011137803197608,14.939994268493036,27.068221432821492,67.85112680548416,15.132670123843363,15.146679461363412,15.102744091663935,15.13362301156118,15.156687352296112,15.182022587694636,21.93905265496806,15.72742953076184,14.90191907305813,14.97643275013755,15.061704199740014,15.359312192766238,15.443967429749563,15.873932852436635,11.705618004616781,25.50273071350654,15.189121855118309,15.152200440819774,15.128788561159393,15.328590083594719,15.413910376657483,15.626499663301113,21.201070646018113,16.50108270527073,26.18430262058204,15.072191983035724,15.208617303124061,15.185760466550903,15.310638672647926,15.474511135268985,4.687506341689915,14.126655419320281,22.023575425108664,14.879085945891921,15.136747294742715,15.106817874989794,15.162185569627866,15.303411219706962,15.187476770554273,14.933957661084582,15.107636049297561,15.210299521413681,15.106139467658345,14.285819687929129,15.139236452031888,16.651079981116744
R2:short,1.9250979175756564,3.084951929141381,0.8254398486236221,1.6192573684077867,1.8071446521812224,1.8835984037944686,1.9718047921520072,2.031002563639182,2.114309999983081,1.7763959807988476,0.0,1.35166009430368,1.688094009471201,1.856598069658384,1.9580388607818695,2.0013040371865385,2.0180130849056455,0.853474867982342,9.843964877084744,3.024489612687851,2.283809215751553,2.053769574001392,1.8150152447199814,1.6994052415795031,1.555160279059457,1.358494517472869,2.8424327848963915,1.6729714412640369,1.864769084029833,1.9270243672703438,1.9040745993000874,1.8707430331120052,1.7903777027419183,1.3580345405014598,3.5998582707075775,1.675101845690466,1.8645956704093167,1.9208875150863776,1.921662895899717,1.849935091668994,1.7875333120918366,3.3011440726290737,1.3464511501425134,1.6445645419234145,1.8317517309388087,1.9226040626047765,1.9241163722802206,1.8872452197159373,1.7953510864918583,1.5867652580343996,6.546644430666162,2.2581084338211665,2.0440340917320348,1.9576689757292454,1.9045788024667243,1.866754307809088,1.8087767262898435,4.305438035667805,3.818971169188227,1.4109001722525085,1.2394336876623382,1.6565838978547112,2.1341414124335043,2.406572492772577,2.7345396202631953,1.167936562431142,11.061436584857969,2.6652757552016735,2.1692435714575984,2.0082645706395708,1.8566583758533062,1.7633473758734342,1.685617043776978,5.908079229073108,3.2283728376212704,2.5843263634949727,2.253898429341623,2.06655857150674,1.7889453849588952,1.5989418764576089,1.547163720069883,3.2370792457624504,0.8469425018368544,1.9197138624362704,1.8725840179717674,1.9358308818705188,1.9164750398758166,1.8618420802565543,1.745338494439703,2.136798065308205,1.3621366548109306,1.661150541244912,1.8587355530541863,1.9085502943400077,1.9068164306901707,1.8660170864065282,1.7884757441343968,1.9096926083508954,1.900408669360175,1.9198719625767027,1.8998608842333844,1.9264516907721199,2.065621227879832,1.953338467464847,2.688987052139369
R2:parametric:-0.5,11.656056493203169,12.910209717078466,23.402466206707302,9.204009450425852,10.522414568608632,11.150836046048203,12.239527908533416,12.7315287956122,12.640282738605483,18.737702981180803,1.35166009430368,0.0,6.6550570139935035,9.691441585090667,10.86255815858584,10.285603242679231,12.266724484663037,23.384284456892786,69.0105488512999,16.174250184464647,13.161156299148981,12.815771773382142,11.085056053264525,9.380816222176525,9.110129098404608,14.171654933384788,8.010008557725477,8.398125349031936,8.194131432075235,12.143300363037184,11.23117918743881,9.522973550328322,10.385916438798906,14.199072666949055,6.852043519472852,7.40068472779183,8.879243265218985,11.569918231598521,11.015236226014402,9.538722569485978,11.28997458500425,4.777329947238167,14.212798472132588,15.947768089746893,9.283095349219733,11.287453446632064,12.45034049085127,10.853724596321744,6.771476673866028,9.716339375100304,7.320915146050555,11.02842747860269,11.487477553686926,12.589691430538393,12.115457514575674,11.426609158726503,11.304929320382412,35.45192333987127,122.99148599617826,16.554835247674554,13.276835628532789,12.712020558847202,10.590250034942382,11.977438355710722,16.24184017967765,14.361732948619151,16.303464397470677,15.787777583343853,11.91016230771806,12.718428288442167,10.988106219178047,9.891238276022346,8.545099605601854,12.089196008474085,26.535012015605375,15.771725957362543,10.226522917339874,10.52962316064034,12.043614557382444,14.732191654945266,15.917448574818973,16.57408135964049,23.383987864675433,5.8810897516940255,7.0729037641409365,10.779716414122756,11.901147555255395,9.67239852935363,16.6138678388276,2.6427011362986317,14.200657925048027,7.698089790334336,8.357894095601473,10.269470280128967,10.47191337557009,9.550333666711246,10.79534022748524,11.423088063149292,9.839287063403892,10.81119877756168,9.613216030133085,12.0899302452179,10.650149311291012,11.137164843005735,14.943025328049938
R2:parametric:-0.25,3.2641692602927863,9.902117792821004,9.731992874102042,8.119232830196761,5.023468722496849,3.861487880449426,3.9494799639108407,4.747087075377186,5.61805608179268,15.34817187063403,1.688094009471201,6.6550570139935035,0.0,2.244749359817408,4.607736091241584,7.133732480270582,10.923977993701602,9.713143552552228,65.33087624669109,11.890537341190742,6.0050046392713705,4.3899620151442855,3.238739933738897,3.837617159957056,4.750800869197771,12.445275569937138,10.597351923125776,8.063595523660284,2.255402043104195,3.5792696594517337,4.8531347051029154,6.923475357363218,9.147274953064068,12.201329141440425,5.901931198846572,7.071205808966868,2.5117365309867132,3.4563744963514402,4.364219262210678,7.145846939877243,9.705122160460595,5.1499187901346035,12.294745631054987,11.710425566795458,7.774561653185235,4.279772073388811,3.6046506139366215,3.1601811817313945,2.5875430206523866,9.558544206419786,7.0461393093033955,7.9131754498693105,3.408268182541818,3.3990131111227893,3.4153673708601175,3.6609204851592905,3.841917041140976,30.432192570301584,74.36799017754386,14.140410814236796,5.053078277056607,3.964000684999737,4.357368887018196,7.9177077136286735,11.911844853576456,7.6793091921600345,15.860793329529805,9.847557214220053,5.562971681115326,4.377998974171665,2.76945575645934,3.385070794739262,3.1352034768260504,11.447156674636693,20.834065728808255,11.044758422189373,6.221456653178196,3.9751993983052025,4.571054058351288,6.727148698238915,9.120446411427087,15.537681989946154,9.720886520701427,7.860594663350721,2.1052506074171413,2.6314387999687874,5.064258163647076,7.193483124193746,13.510535638498865,3.5403247327489846,12.424686808545752,7.083699754625597,2.3023311046700474,3.179437645266851,4.18045273061509,6.4605909055856525,9.366215293701076,3.1792288194112373,4.372037611992359,2.963987434382433,6.0158879882822305,3.621456650325532,4.894984245012135,3.110458357152682,16.497479967926136
R2:parametric:-0.1,1.0569904882862375,8.982134650911933,13.601337019572906,10.263929779609967,4.632202370511834,2.7089755280595442,1.6853098692636639,2.6016987676083327,3.705056348518764,15.179269028085198,1.856598069658384,9.691441585090667,2.244749359817408,0.0,2.2382844038890712,3.912886487175146,7.638671982449537,13.74572840541906,65.35160096712622,10.675373112021564,4.092717395500144,2.1399732175062693,1.129970020934806,1.8557657390661568,3.321386493174149,25.571913209946192,12.962486347151355,10.571574478489861,2.18274834445343,1.2340545950182609,2.2287089268921716,3.3301754003671733,4.2910480583843515,22.762161303729897,5.484366276249553,9.84060163335188,2.100917766272663,1.1816887026906957,2.0728310914869517,3.407981868117097,4.501855871050062,6.081498010752604,20.391828257497195,6.359859774364292,3.806361634980922,1.9598268256113143,1.2130512945616903,1.5497398171696037,4.090725229301507,14.941132048079378,6.911144715753439,10.418317746124664,4.109912573929358,1.4784144236504309,1.7662928222233627,2.982605131602938,5.0792627717929655,29.81488554144151,92.56190933754512,15.457562045355028,6.784706006698622,1.8908237646981747,2.8038084081768053,6.314408320903914,10.443450775671643,10.795759031305973,15.651625413314227,8.33871619009476,3.774557638388632,2.1414956068441446,0.9518686364232697,1.3056972592469613,3.1945929574664054,11.217606563556096,21.18843420869321,9.444405129511557,4.54888394253751,2.2866654763732104,2.503983056670776,4.72458874092163,7.443795554675988,19.83608210762966,13.768864521643765,8.438551123984858,3.8070569255449276,1.7076830883179979,2.4091006624120572,3.9498377008924233,6.733802844339891,4.383126287244676,22.92971208563988,10.062564330003084,1.8401708309007112,1.085124603269136,1.9768648233462078,3.198527234689882,4.326177383273289,1.2122827028574703,2.605997086309166,0.994572549813547,3.234856921547551,1.324764329820912,3.193692541437663,1.0699343683711526,21.283660904308924
R2:parametric:+0.1,1.360475977537207,8.420634078176331,14.887651058362623,9.222337373781382,3.4071981350169462,1.309072763556774,1.906320056074457,2.8726352090484326,4.771746305597277,15.07200879569114,1.9580388607818695,10.86255815858584,4.607736091241584,2.2382844038890712,0.0,2.224839865111404,5.911206069477586,14.977415814768566,65.63387453988501,9.965626362635101,2.989046071427612,1.6090996550438657,2.479543077966366,3.5073644619855364,5.394481480474623,25.772272702728614,13.855158749032341,9.696012206650517,4.676837108367673,1.9728274764990756,0.9963150081100374,1.8286991657757756,3.4181998286209816,22.87780918667555,5.899082152608632,9.645769226178373,4.564886367067332,1.9508545937117763,0.9735910568044617,1.742681661464611,3.555322034889937,6.542123507903883,19.743119445796403,6.37657645878629,2.372811162898856,0.9494706048155929,1.7062536002675464,3.559486499175355,6.446089680810432,15.258971988851924,6.83023658847042,11.568465445059225,5.237517050675263,2.5352484138048816,1.5963697726149946,2.1896600327241065,4.489943458979322,29.71627589704612,95.26701074213783,16.31064023796739,7.918688761840903,2.918338355568011,1.8326684837842293,5.331446162221133,9.587731010474938,11.94809620660116,15.527283566786714,7.32682335908257,2.694037501468965,1.0818979917070262,2.2638010347448527,3.395598359983811,4.5786978102708815,11.090612808772917,22.190164541370862,10.588197654882475,4.923533857264388,2.4209750733788304,1.6789266094255695,3.6661300758277737,6.316399799481341,20.85637423956235,15.001796619055218,8.81887316291541,4.200802816105623,2.261438874507096,1.692642467200376,2.588564997535768,3.8791923813189766,4.810688428444462,23.049264823242346,9.858635277036797,4.190026720733175,1.9703231017171818,0.8779697330526062,1.921183754180894,3.3727173640424994,1.3886775792556343,1.9189040828665234,1.3276218744819672,1.9022072074750371,1.3770530394011724,3.410755775306135,1.57790344795458,21.501366370709942
R2:parametric:+0.25,3.3455833095118503,8.168513810144853,13.518595327613752,6.008045384884693,2.9740503332365664,3.0748047352866754,3.7455031269319456,4.391093714504756,5.936562480980503,15.076885552807838,2.0013040371865385,10.285603242679231,7.133732480270582,3.912886487175146,2.224839865111404,0.0,2.93295494723226,13.634989964326046,61.21119010046906,8.816289746421711,2.922687470873885,2.575419726212005,4.220013381342498,4.974450056579086,6.302660781266279,14.269768621540624,13.403672170240494,10.724248512967456,6.81452307307599,3.423316707449298,2.8703533604561016,2.002033138343648,3.4603666267981805,13.811437467592965,5.955552963401188,10.6007313086562,6.656754737882188,3.4839012091085806,2.791287451113759,2.0174133236810152,3.5934564625606646,6.5911470333697535,13.101232319084776,5.644565145024266,2.5057287190243733,2.8273617357355296,3.115827965098313,5.299438940339344,9.262687196947743,6.353068436646691,6.789010093000211,8.483007340266123,4.280329940049292,3.0393294577321397,3.5338541505279712,3.624796087781236,3.9536942484551894,25.36703212709094,73.21289035364322,15.915883004426663,7.6737397571573664,3.4663604076421723,3.075781291238873,4.230048170657113,7.901734585773842,11.272439820093174,15.442808710779548,6.799837124184126,2.3070557086050156,2.5227279377542886,4.070482540702787,4.895579530514281,5.69698539460324,11.049743061770801,19.923860482662516,9.837321768501294,5.251664334268177,4.161181845128053,2.6128918284726135,3.7568117981897027,5.748988256207891,18.994239981463018,13.64998829190119,8.540454304756839,6.591687716393476,3.9701991532779957,3.246139654084492,2.8424433129094067,2.949071105278279,4.877406218061759,13.853879926101293,10.619665051216261,6.119856075070089,3.4055862494997946,2.9854481491745126,2.087982141860068,3.259706962443884,3.348106513588137,3.235405725878578,3.3536168977129006,2.3622479988161813,3.3983086444726127,4.467220740644917,3.51991243117062,13.676402361932524
R2:parametric:+0.5,7.302522612851661,8.137406308564891,18.09524351779801,6.496637734379827,6.4177191647641285,6.822105635722444,7.6850184615159,7.869362569614239,9.475158510258586,15.062086080803263,2.0180130849056455,12.266724484663037,10.923977993701602,7.638671982449537,5.911206069477586,2.93295494723226,0.0,18.087564034594287,58.7295214651531,8.260478555726031,4.541578432626287,6.090737667981115,8.417712051719931,9.22810994517067,10.95586941975318,10.467063768051712,11.903311220984413,16.34787234410409,9.60076989218189,6.340795995684042,6.668586851560472,5.230410301906918,4.198741076566304,10.607343177530415,5.7024114630672225,15.795607248827018,9.344194761879423,6.678483557019773,6.591822198972588,5.715718092488598,4.3454342236007335,6.28338366647007,10.296156208054589,4.46629635419799,4.771141189370037,6.634808605415537,6.757993024019364,7.298936555320511,13.772918023114181,8.679611987534267,6.771326363817112,8.43312923081318,6.765726246619996,7.028825702063948,7.54057596355895,7.6858122735796925,8.144506184028794,23.32797498723818,79.67116790279084,15.603500653435953,7.700039587809256,7.535358498821032,6.807829735194321,7.124312962803996,7.160224469920003,14.625130734383628,15.402054688839156,6.6160351186706485,4.68946431225722,6.0460885269299425,8.304376416893174,9.214834206061717,10.108433705993775,11.07768816432157,17.02862635647101,12.304540327240653,9.570066263825753,8.26249535450628,6.028926325740476,4.917745830169557,5.587889461374743,15.684884312524822,18.087744628125915,14.298442719736556,10.024368107500848,6.065234165414782,6.85317280113042,4.230239393737659,3.107006415227167,4.634996014989842,10.550493379566637,16.02292165946286,8.475203228359902,6.680723864594685,6.925943296742422,5.501528930126295,4.218621398819279,7.246286964297482,5.621657682119099,7.4145289749505805,5.304807836464388,7.488958184241671,6.527682361607829,7.525283671489146,13.953186531349807
R3:open,17.163187344270032,13.860647769492134,0.5020788559440558,27.48413680039578,23.386771595996933,17.294513778401104,17.553507667448123,17.56035929317065,16.2638513471747,16.500891705492037,0.853474867982342,23.384284456892786,9.713143552552228,13.74572840541906,14.977415814768566,13.634989964326046,18.087564034594287,0.0,70.92572749843231,18.946531831942593,16.942702633407993,18.346986371650992,17.339012621990648,14.840378864755841,16.854407068961137,25.84477872828262,7.660508052044744,21.48105054907266,10.660326280473198,17.949472289850004,16.919544313311018,13.985530290845498,14.7057687621941,22.85432481694622,8.21163524674425,18.19893162704159,11.733716512309906,16.60482334185547,16.36642606714693,15.5852907108098,17.935761778719527,5.801407289983987,22.656534495776814,22.21912425805757,14.121601415202804,16.99383705190803,18.802074534541756,15.259102427020263,14.064952883291834,14.642025802673952,7.723129537944968,18.845359149287432,16.561867180709328,19.715845585340272,18.18914936559314,17.033208888695697,17.01282785929302,38.921118959994466,176.8313994366494,22.156611874623955,18.820866761954548,18.84597332837744,15.375285863029628,16.674291224047703,20.811604406105126,20.1365482317319,16.935767591842392,18.508869361625763,14.861581836157347,18.106465862549825,17.406028242887533,15.832096908862045,15.728476485697275,12.244055686275601,31.35031805620147,20.649077953580772,15.013956702706887,16.91895964484291,16.17355777934404,19.58896983580693,19.392336478373004,19.785748384762517,0.4201010683562299,24.6897242385251,14.15870314165582,15.883919211967338,17.3417619767763,13.059621497556618,10.244799450126012,3.410595686110895,23.552928633185992,19.206879590483272,10.924183177739867,13.903561147412114,16.12928191423218,14.739826495490584,15.983828399932998,16.676725901070768,12.182284820606078,16.858964343616513,13.095734817415574,18.162816934942025,13.071937061929637,16.339048717243088,21.944334524394023
R3:short,64.49185010169518,30.89277669105435,69.43073504686217,65.696093001129,62.786160877754774,67.5510425482885,62.49235065907323,64.33089350958309,63.3720291875436,62.06511532448833,9.843964877084744,69.0105488512999,65.33087624669109,65.35160096712622,65.63387453988501,61.21119010046906,58.7295214651531,70.92572749843231,0.0,51.6260803299598,56.20934478057153,64.92114060352165,67.20091333217988,64.99667330767473,70.43468608343467,68.94059336478092,24.87288499926617,64.42949490452426,63.204131740513866,64.26476904942115,63.93055970458088,62.78887576093997,61.222910630813914,69.93303845875654,16.578351646199092,65.94248903026495,62.40985858023429,62.69739512675333,63.09184190668835,63.83849915246298,66.2323732589869,12.798872108123382,72.49212124706594,68.83962088679003,65.8033147981912,66.96398404170245,64.19176554005982,64.44306029337243,59.738243407359064,66.85327431632263,7.003262101177057,62.44060577038988,62.27303877015133,64.32262562726908,65.73588005959377,64.97728862002924,66.15861271723168,50.37334956026109,134.5347255961419,61.62504802663693,67.54580575732524,63.80535709408047,62.45974509616809,65.3858143798113,63.777004172169924,68.57949453569691,5.689582874173455,57.85159899131141,62.81515817631205,62.67921684214351,65.18931955301827,66.7463137969116,70.11967635534465,14.687489519785649,65.58628254863207,68.34618138990851,66.66208527594634,66.31749056031715,61.52665780524514,66.29277770415109,59.25728779903201,48.10372844918504,72.09592489110997,65.73355225509503,67.0535055889546,64.24475123665434,63.75136764139338,62.75180666579557,61.585305460318715,17.447052184535558,71.50187760377682,68.14091887732336,61.64709566277833,62.29863527399639,63.521193878630676,63.55777311028158,62.427005071577035,65.28241089874776,60.63807512407493,66.69880622294724,63.85714264919032,67.99285745595448,63.74891004973116,65.4208788432261,62.2945465939922
R3:parametric:-0.5,9.992034865970876,7.034547447776622,18.795171064233227,13.046068275499355,10.6158914380947,10.927711728258782,9.264697279368288,9.159245385745457,9.127284643586666,16.166168232886438,3.024489612687851,16.174250184464647,11.890537341190742,10.675373112021564,9.965626362635101,8.816289746421711,8.260478555726031,18.946531831942593,51.6260803299598,0.0,6.007418226639197,9.089463684457243,11.378860997861086,11.735015614663368,14.086378857816818,25.691090803510775,18.295352200531347,11.79110185810681,10.177272816919816,9.933171651782567,10.037071041876429,10.051301368442646,10.827599623919502,22.912246844284727,9.092378156881573,12.122787053545899,10.019240450634049,9.673516297702708,9.74421784558443,10.412705132507071,11.37369083270466,10.01260366447675,19.858998370969775,13.02864780282298,10.954311986704738,10.50372171151335,9.940494008625485,10.263183088306654,9.954534405646783,15.235183621791043,5.962018479799545,7.63554120600069,8.69239316986766,9.715209113118483,10.394050317285409,10.522998897657482,11.200547644329012,13.222276247306628,79.7721959124366,22.047285945420413,16.1309457520539,11.761584344337525,8.739160965356067,9.341174498805165,9.887148796459904,16.955472564758843,14.102314543001764,9.123959293730708,7.828950082980051,9.030698693333015,10.641347387461519,11.665374824068952,13.029352502371466,9.998806661670665,23.46585509724363,16.02784600709327,11.998937321695076,9.96979666135843,10.364183134269865,12.742112876917837,13.027520746826438,22.87224360224199,19.374405521685382,13.276383323114626,10.9088067148289,9.8636728979668,9.910677152891589,10.107221289621261,10.6715533405419,8.12133627332962,23.078448523506175,12.738865662646482,9.908327497340968,9.684983157554347,9.93624102973708,10.239605172605476,10.554841287673085,10.264277765274484,9.422096303929994,10.471320529377188,10.053441404284149,10.68264449042491,8.788872610499505,9.96023593607201,21.138996095582453
R3:parametric:-0.25,3.4992518771945456,6.9354303822907575,16.8174618176217,9.58854501664133,6.018982611617292,4.408290068989103,3.5590169257694226,4.251964615949977,6.122189683485692,15.473872591115422,2.283809215751553,13.161156299148981,6.0050046392713705,4.092717395500144,2.989046071427612,2.922687470873885,4.541578432626287,16.942702633407993,56.20934478057153,6.007418226639197,0.0,2.3361247525731876,4.64088955889245,5.78174596322187,7.660031336098305,25.751357837273556,15.682824134203827,10.115258482698188,3.6049843181314962,3.2493233073802976,4.07953898922316,4.733827804214557,6.379957004036194,22.917049180405584,6.935795133684939,10.054164026084694,3.5503970664139515,3.163618661360162,4.022142337154999,4.641152631346294,6.437345019777963,7.683366970471714,19.823518339999424,8.639240919894643,5.295262481866009,4.036719078051454,3.350340513781365,3.5086101224202526,4.115754429105181,15.920388231210199,6.554173214451724,8.589522988795567,3.2865213755582308,3.71546189183642,3.4833372845011414,4.708736785080087,6.7438076884193645,20.24553955176682,95.6175416997094,17.161225541181775,9.586498947327076,5.281041721981048,3.9402135189097356,4.591994438223462,5.295109810329809,14.155322370468099,15.052999708471337,7.75966697029664,4.424261702872394,2.7363953994293624,4.601867625114151,5.618008176194684,7.548375184869873,10.757641773045862,23.23663628980218,13.046398407900094,7.820222679986789,5.280941715264019,4.06898274214137,5.986254165831048,7.381235602101554,22.154663668825513,16.963846465670077,9.587691357548993,5.053344898590065,4.046440844179512,3.2231573174763852,3.5962822669578345,4.669706183010179,5.88327583841257,23.0857913329579,10.286565635860141,3.5424457881907627,3.194697202093516,3.810588686489071,4.8400823264040875,5.969305924349669,3.5176927516175556,3.151991499510571,3.546992584462104,3.411967012125547,3.5083390943130763,4.17993919804275,3.7657492773214485,21.611755295378448
R3:parametric:-0.1,1.3401420935924169,8.18634467880468,18.156245015591622,9.965108517990654,4.205730616128747,2.350597193913338,1.8111452682998002,2.801974091046038,4.727880439805094,15.286872473256006,2.053769574001392,12.815771773382142,4.3899620151442855,2.1399732175062693,1.6090996550438657,2.575419726212005,6.090737667981115,18.346986371650992,64.92114060352165,9.089463684457243,2.3361247525731876,0.0,2.6190720208351275,3.9854604142685184,6.212508200845374,26.070699808070895,15.260461185694135,9.908566981756858,2.672343377106857,1.3602646341206523,1.98832019600931,2.82919342417951,4.683723365263172,23.111844157045226,6.214214479031158,9.850935341073077,2.600941714891212,1.3123549990021206,1.9455578838378915,2.729263194251627,4.776118850129338,6.907568419180107,20.413740061529968,7.405031204541462,3.4525510508825956,1.937529202851712,1.3383214867879072,2.086670593717394,4.369160935821317,17.91389363719141,6.752553527968067,10.632628916749747,3.930476844642223,1.4783422917408393,2.3128733429654225,4.065702599105412,6.6022283719719255,28.585582450278526,97.91994437763744,16.967622606422676,8.859003795679659,3.856547784370198,1.8970243325088298,4.200234563284956,8.42539663586601,14.022850926896009,15.403644407672228,7.512956878910011,3.717717107729828,1.7412246552888446,2.574545000212665,3.7741796273370536,6.075666021804557,11.0196011220035,26.83375385028122,13.06206499142704,6.40878672338263,3.358871768155394,2.479888737373709,4.654162150571404,6.329260425842642,24.707847633258986,18.392546010460403,8.485500169473232,3.367501375364315,1.9921614953985662,1.3972240133691036,2.6047300154473234,4.576809773087215,5.1264223643821,23.286324051390288,10.077974101702887,2.3686273974003913,1.4152802965866333,1.772419476636472,2.9407682211185824,4.277419665011514,1.5304987947350672,1.8579708214704231,1.4854443812577467,2.0438900578440804,1.4696011005464058,3.36442418263255,1.6625185147679324,22.487948340296324
R3:parametric:+0.1,1.2330408782451863,9.219577593934533,17.10918993643702,10.049628515552424,4.146667420749851,2.03982161518685,2.0901405261410133,3.0900193891724452,4.207060072527097,15.10867945280002,1.8150152447199814,11.085056053264525,3.238739933738897,1.129970020934806,2.479543077966366,4.220013381342498,8.417712051719931,17.339012621990648,67.20091333217988,11.378860997861086,4.64088955889245,2.6190720208351275,0.0,1.5260007930085038,3.74484652462645,25.893875502349136,13.924934308033997,11.593108889788683,3.4568979451978614,1.5966559056379264,1.6475090295603316,2.6503751666038817,3.9828942814385964,22.97892574430815,5.58011568199884,10.182398119541258,3.3588876406508006,1.513816179316668,1.7798408370275838,2.8386597089651895,4.73170165906853,6.11752393199303,21.035584527664525,6.423894134328233,3.320627956713302,1.7335070554590077,1.587789069386793,2.4695615083424856,5.063661849367652,17.628352630432623,6.946959221227393,12.016873253873712,5.453098032843564,2.540052445617715,1.3725995924160308,2.7470453682294753,5.421178614464684,31.95706090580598,116.208642691697,15.405584112748686,6.584929932679812,2.0482508307928358,3.344945253827319,7.123793889985377,11.50758585114041,12.395208174405443,15.715135000668619,8.986004982380235,4.2130451698596385,2.6056228847806424,1.6759237524292805,2.2900575443633553,4.057255547498608,11.24386610483608,27.31040119993409,11.252110046738936,5.272879046580952,2.865777638436352,2.9397405205666294,5.429986802301798,8.182162047867218,24.463860107086404,17.398209826339052,9.379909509787066,4.280252031131046,2.0306351776629796,1.5814891471005523,2.765985360314965,5.357879427121986,4.387174937108243,23.1513579543884,10.615346212658379,3.0374315917453334,1.3556391115049935,1.7111258520207984,2.833791576594925,4.334599267475385,1.1525864299422375,2.718843948299882,1.2952977930303284,2.0915971881863964,1.342368138414998,3.5391543847725084,1.5061486185387503,22.110765544011276
R3:parametric:+0.25,2.6546640297581416,9.722151988120281,14.635862818316237,9.977542539339696,4.742755526705676,3.2057084818363113,3.4650498290317175,4.388031461730676,5.34100858981116,15.102032037704785,1.6994052415795031,9.380816222176525,3.837617159957056,1.8557657390661568,3.5073644619855364,4.974450056579086,9.22810994517067,14.840378864755841,64.99667330767473,11.735015614663368,5.78174596322187,3.9854604142685184,1.5260007930085038,0.0,2.011213992598731,26.160640461918877,12.725011831947779,12.389260932010407,3.9753651298645707,3.0290240075986103,2.711025980582191,3.5711769557480553,4.899557606668551,23.137872123277628,5.867462721811324,10.877021296966472,3.8648952960993364,2.8843310129399793,2.8472120975904622,3.8792128758020037,5.768547524266287,5.64873207537136,20.869203787271424,7.282019676410127,4.249641679767215,2.8032349707110376,3.060568768661416,2.87968341553782,5.777441226055141,18.44788578637407,7.036591496504342,13.147345465832899,6.66002606592163,3.709885437764295,2.8333182929301866,2.3210531682169626,4.889596631643496,30.060040244424727,114.40793752978918,14.179471227173678,5.132570140463781,3.4890044423156175,4.2221661922159,7.735924566897319,11.692034470072782,10.970665454529284,15.844435837685175,9.882359674705919,5.253451668358292,3.969108227576008,2.967549351865188,3.383970267445344,5.523148699136172,11.362036906281688,24.410365435489485,10.806093658628807,6.052048814878678,3.8297563710066265,4.171318164714331,6.659134116216467,9.19674228135769,22.003417790568985,14.885460872246327,10.445860416722311,5.142986515919669,3.0231467530196285,2.9850028347371165,2.515362009301546,5.24090333719568,3.9605862655028976,23.315231365683125,11.343348148481894,3.500353559272633,2.5792592091432653,2.8469861134050856,3.830872274942624,5.2987241015609525,2.5556071254197494,3.695065143305018,2.485897487359807,1.966227288449701,2.8041362281070734,4.508704993913181,2.542745213139861,22.215867543118815
R3:parametric:+0.5,4.817758067694818,10.462829468031718,16.87953880393913,10.093970319290534,7.67427318185217,5.435308345798897,5.62912892869764,6.487979129855962,7.167986015741128,15.101390915386531,1.555160279059457,9.110129098404608,4.750800869197771,3.321386493174149,5.394481480474623,6.302660781266279,10.95586941975318,16.854407068961137,70.43468608343467,14.086378857816818,7.660031336098305,6.212508200845374,3.74484652462645,2.011213992598731,0.0,26.16928012078184,12.016444833137454,14.267524783815363,4.6759661175363805,5.261908120275254,4.60216433140273,5.196994647662516,6.623683132231227,23.139363595667838,6.318992530758759,12.336128049122467,4.530976958667176,4.971295900991849,4.763608519569662,5.840215393144499,7.925009267753257,5.138714071466648,21.42522636602699,9.980491900892943,5.95198305768319,4.720556068568863,5.384798109645136,4.491061312029529,7.116707747369858,19.04253692608374,7.1594121169509455,14.20065697241587,7.874264941893404,5.237996446882463,5.10064831921736,4.484800085933293,4.534370857986215,36.631939857401015,137.6881852733532,13.786522284085008,6.759804130855985,5.800539431086048,6.211331727634156,10.604561066599498,15.301607019777032,12.580401958914171,16.05842903560574,11.787466564541571,6.87699512912787,6.1680859498157306,4.417128556070301,4.536351472655003,7.105327721750034,11.512396291608868,27.61740840977385,14.85607114317181,8.686096154468618,6.007763428899655,6.105559539930518,8.83194487518785,11.027402718563005,23.561537583340094,16.854001360826746,13.255438237740343,6.745108856603338,4.772520503984976,5.1516404717682995,3.844163188531289,6.265569079145765,3.4779462741705904,23.31704278229909,12.92896334881835,4.054216484297864,4.353839555270844,4.94302883887482,5.670655808521471,7.188142579285795,4.669143633407836,5.10390369434315,4.6804032160957,3.689047825753692,5.069772509795561,5.94973706706972,4.448551594542525,22.165024837962545
R4:open,25.936905278288858,12.802124726880011,25.854171432241852,12.091550851863952,23.99659398325617,25.832408681976823,23.74680046783611,15.542889070895994,13.414023536524658,14.127827784227874,1.358494517472869,14.171654933384788,12.445275569937138,25.571913209946192,25.772272702728614,14.269768621540624,10.467063768051712,25.84477872828262,68.94059336478092,25.691090803510775,25.751357837273556,26.070699808070895,25.893875502349136,26.160640461918877,26.16928012078184,0.0,7.841046180617328,19.559066595933984,8.434451356043043,25.005171369241122,25.80648665452582,14.640667141714438,15.235709548818425,0.23785030051204636,6.832789093232146,17.51817276184112,9.19627783874009,25.014989480841344,25.65327343575415,17.294907273209404,14.075622707995715,4.7630354530907395,0.20244502487710636,13.678227017799934,11.830012701141957,25.701233760944273,25.231628229018852,14.545599770988153,13.834792997960411,24.709949356001424,7.315341519130187,26.535582343817527,26.321695999216814,26.153832880617923,25.884903202379405,26.091972062542265,25.480437578293333,35.35321275192213,148.77799015504607,25.514631552912277,25.994539480937046,26.08242284767572,26.06843729902295,26.034253928357742,26.167055801153875,26.704711356738688,16.29450899473519,24.08400380060361,25.165797668452505,25.809218412682966,26.22182721701001,26.101883951393066,26.285638602850952,12.011501485661931,34.101797279665696,26.028484047626744,26.094920316422204,25.952666712229796,26.143224278455435,25.887055448051633,25.33357074691864,21.128592252707502,25.83704844513557,23.27385038216202,15.466525744470356,25.41524359729071,24.730231909577853,14.271210340212415,9.740726973098116,2.237171533652828,0.2424516556955869,18.41789398504785,8.41157290103842,24.842217310113213,25.864341839976646,13.787388088364974,15.960120848392233,25.96247711528151,9.942421200173051,25.8982786547347,19.32729994098785,25.896294864308274,10.829354228615838,25.789468658716338,33.27679076281429
R4:short,14.389114346347107,14.968493161868828,7.720460811187439,11.119963651126357,13.45575699976997,13.985755888782238,14.841422084245174,15.257301839063015,15.273688013557923,12.094907803705322,2.8424327848963915,8.010008557725477,10.597351923125776,12.962486347151355,13.855158749032341,13.403672170240494,11.903311220984413,7.660508052044744,24.87288499926617,18.295352200531347,15.682824134203827,15.260461185694135,13.924934308033997,12.725011831947779,12.016444833137454,7.841046180617328,0.0,11.750183739711439,11.639841423826562,14.73188396913099,14.062952478668974,12.83857599371979,12.429862184987561,7.853825710214916,2.0067668405722388,11.317180559473982,12.256560032463852,14.353916707000156,13.921226177702115,12.850195681410923,11.945876223109936,1.324663604010189,7.893841795770185,10.851575646845282,12.66153246181954,14.103439222382383,14.917992749855953,13.840262160338547,10.339704137823661,12.971277897321567,6.215481808250729,13.873057671775964,14.289363528915567,14.960148336272246,14.691386634631696,14.212223897310013,14.143087472944194,9.883079964539634,32.26733749894231,18.157801293592332,15.610424958060646,15.13007999784619,13.62863656432006,13.536931065908833,12.764433201142168,6.50251715390401,13.560944872749012,17.960880691678156,14.694019434412562,15.199018888852102,13.864904449763054,13.078760932865658,12.11900593903975,12.70978229994142,3.136330228725607,8.244127102548797,11.58721416199685,13.518382138985606,14.77194836078987,16.82280227738695,17.98372314764847,3.0753089401527687,7.711525994114767,9.960266636797538,10.847913192628281,13.757767076273996,14.577033875822485,12.927111566138224,11.199019677864912,1.245729963988401,7.9316939258334145,11.457619069895356,11.793351164801734,13.398993274159926,13.547161799959412,12.858550639583068,11.591707785382606,14.230516578354422,12.932719321417117,13.800414572399768,12.886367538899094,14.672545518168217,13.613603484215856,14.019563253648881,9.217930676289244
R4:parametric:-0.5,10.375755674833906,10.262266915068158,21.488803733044115,14.175984741887204,9.69515611353737,9.94619171703849,10.72109586951362,10.55802239673539,12.130066987776646,23.165028922373978,1.6729714412640369,8.398125349031936,8.063595523660284,10.571574478489861,9.696012206650517,10.724248512967456,16.34787234410409,21.48105054907266,64.42949490452426,11.79110185810681,10.115258482698188,9.908566981756858,11.593108889788683,12.389260932010407,14.267524783815363,19.559066595933984,11.750183739711439,0.0,7.388396466270334,9.746570462704934,9.860463057913543,11.197122463404346,14.883890046232064,19.581624461581924,5.931408034896536,0.28315577003379483,7.899587886092299,9.769139557160994,9.870955898439378,11.597242990932825,15.889690485690828,4.251290355018237,19.592010779122866,20.763631735118654,12.393592354627154,9.884729741682644,9.766142295667308,8.821223442215457,4.08667320495863,11.657081505800411,7.056926364764973,12.145233409055052,10.61656746746318,10.144422375558328,10.635316915561093,10.811006327554528,11.333388026171635,29.614176837509913,81.93391928462692,13.89555114189352,10.788655080786205,10.676435273719225,9.872146123525246,10.199860084949888,11.703906163175038,17.708142613253035,15.873192460918517,9.973361488463436,9.312739652917738,9.687269736014795,11.51330434817253,12.42210777937695,13.318909935905431,11.612636449718497,20.442498046351247,15.68070789182251,12.753245421959651,11.379207305731745,9.893445127753667,9.917936746395512,10.03173093550514,18.86763222488931,21.481190393942796,8.24223489476948,8.113148340173122,9.659125874268407,9.690618337191744,10.802195980941365,20.905977852478816,4.693492293648926,19.58206953432805,0.17416396265629394,7.503752508492726,9.751936660149743,10.01132983415193,10.318352769962882,15.385043929814794,10.27927306104465,8.463972897771747,10.55772442631746,9.235442428638612,10.649174024987072,8.196919093722318,10.620021758090248,16.69244814480509
R4:parametric:-0.25,3.2013390905922936,8.473081128980478,10.571101865119143,6.265781299527191,4.840809907789622,3.9547869038315673,2.7423159070676126,2.4279718993502977,3.3379673426621665,15.065359271994755,1.864769084029833,8.194131432075235,2.255402043104195,2.18274834445343,4.676837108367673,6.81452307307599,9.60076989218189,10.660326280473198,63.204131740513866,10.177272816919816,3.6049843181314962,2.672343377106857,3.4568979451978614,3.9753651298645707,4.6759661175363805,8.434451356043043,11.639841423826562,7.388396466270334,0.0,1.9666141138451108,4.853107102142931,6.483033892482349,8.0239406365813,8.382789140257122,5.497274077282986,6.289331977509314,0.24758116804138783,2.1999702391532203,4.464738315032,6.6357836738004226,8.377104871973703,6.061296261099072,8.415659389668987,9.356112331485505,7.1349296377244595,4.38249896538266,2.026884980388148,0.6649065857538766,1.3807571792967384,7.344091243663569,6.901459137707985,8.616121315690625,3.9413001933277068,3.0388480005941925,3.5850433429314728,3.8435488558592015,4.0194384221883475,27.70621089991823,74.37962959166211,15.18528768902514,6.582203517616189,3.2602913851373514,3.0080530385373794,5.832650399878363,9.666553160289245,9.066354658538273,15.626648327952704,7.63194263932812,3.083403628885255,3.0450558929518046,3.042327561965773,3.5453872247640086,3.3311257739915128,11.150549074565046,17.848161291789058,8.617248649644504,4.17515283951681,3.455221061146675,2.6893271224456288,3.625511209982996,6.208564013648522,15.477478462864529,10.665748341594817,8.394420989806868,2.72924617447833,2.2344940479715922,5.041194966118094,6.8632797345694545,11.184163745781273,4.420645537590968,8.477785044517866,6.495442400835273,0.24712976792938013,1.9315556124250706,4.307869237329638,6.167645889139776,8.137683570084306,3.36560520827405,4.531880112373898,3.027060785217359,5.895927052788402,3.7843947565490166,3.8386033782394633,3.3453861458821894,14.402120824700711
R4:parametric:-0.1,0.9237310067212283,8.60634815591375,17.74467066585593,9.034541951734838,3.762219713359478,1.7632595668342705,1.1897430058375573,1.6096830356174965,3.3423761703477846,15.113043712950326,1.9270243672703438,12.143300363037184,3.5792696594517337,1.2340545950182609,1.9728274764990756,3.423316707449298,6.340795995684042,17.949472289850004,64.26476904942115,9.933171651782567,3.2493233073802976,1.3602646341206523,1.5966559056379264,3.0290240075986103,5.261908120275254,25.005171369241122,14.73188396913099,9.746570462704934,1.9666141138451108,0.0,1.9405248035603186,2.855464970701829,3.731134311485544,22.364288941743997,5.924166825797422,9.694713275755351,1.8987831603207492,0.1769804503548401,1.8277116764854768,2.913278735990015,3.8577713672084504,6.586980874147174,19.43470700302802,6.516880487286944,3.252395062163916,1.7210252215533592,0.2800341015861586,1.2514942439001633,4.09701733366539,13.867645215483126,6.853178178173712,10.922645152297378,4.767600385336184,2.218241813540178,1.2173112120390932,2.3157287157033664,4.156405833825997,28.448462178767688,80.65521812900036,15.843465910090044,7.373963923025931,2.5356486655029116,2.0657553120370364,5.413899082730461,9.439489767827512,13.390551352586705,15.556865220184092,7.800577526087748,2.969303249056945,1.0304123142832098,1.5679987853084711,2.794870975638753,5.119659424868176,11.11118438251617,26.97253510768165,12.367938232095314,5.484314750844728,2.3548563751471128,1.506598052871778,3.8812851728350326,6.837019358493909,24.597173270744666,17.999838857837336,8.693070868690787,2.7847055853798675,1.4145043064176333,2.102697241029386,3.454693929883887,5.641106881783446,4.826084020680292,22.523897405457802,9.910631080899115,1.682394982552402,0.2361167052069755,1.7473617342664851,2.7660389011596673,3.633017514428372,1.065278572349837,2.3856897612399495,0.8367756255442413,2.848626734295481,1.1418639435408662,2.71833486816483,0.9258298837137346,21.04679695685246
R4:parametric:+0.1,0.9818647023565474,8.976541464247626,16.71524450738842,8.710478626241601,3.559401461189563,1.748422194410042,1.4884600074321224,2.489989974864722,4.1737420398587,15.10431109192031,1.9040745993000874,11.23117918743881,4.8531347051029154,2.2287089268921716,0.9963150081100374,2.8703533604561016,6.668586851560472,16.919544313311018,63.93055970458088,10.037071041876429,4.07953898922316,1.98832019600931,1.6475090295603316,2.711025980582191,4.60216433140273,25.80648665452582,14.062952478668974,9.860463057913543,4.853107102142931,1.9405248035603186,0.0,1.1203660972290246,2.970642525067546,22.917255780436466,5.643852156779579,9.805045593287977,4.727104212510734,1.9203934641704676,0.17972180041353947,1.313734074382047,2.8917790677845914,6.2740494217034195,19.784528609016476,6.324947285245466,1.763618703247987,0.26850241456001106,1.6606143182979503,3.620189417363943,6.874665711128463,16.685731213447454,6.871073951100819,10.946974917990225,4.411960875506236,1.5939180157058634,1.58239916128342,3.292267789513392,5.702988641537015,28.220795629652095,98.15261746341608,15.60865937066523,7.0848842349912164,2.296693854998961,2.264415211358418,5.5830434699504385,9.544029068097172,12.486449328356157,15.583059778223507,8.485310578009464,3.720457185164346,1.989648745721711,1.4104413618491891,2.5770794785116977,4.058056962453979,11.194801466508453,26.096195362753562,11.303295971391499,4.453739191626905,1.711995320247726,2.379448442278074,4.788796918610624,7.61101329302615,23.72070594958357,16.96812315360921,8.516713890482146,4.3942153731066345,2.2551086221787524,1.048627777497863,2.1129018259347645,4.469625178289074,4.537496709869636,23.088494038387374,10.027655912048784,4.306604877502496,1.937426669077732,0.23760344385144322,1.1626355366936691,3.0827366775332012,0.813392833232344,2.2915309698505006,1.0335616328947745,1.3847047776907984,0.9274489898995607,3.0990095482120075,1.0752516700489432,21.826312229579944
R4:parametric:+0.25,1.8900027670644104,9.27664712807316,13.824299290736157,6.366982962813747,2.9573302834769932,2.358683778060653,2.3521651707445566,3.272847572407489,4.803832636678154,15.15163112653814,1.8707430331120052,9.522973550328322,6.923475357363218,3.3301754003671733,1.8286991657757756,2.002033138343648,5.230410301906918,13.985530290845498,62.78887576093997,10.051301368442646,4.733827804214557,2.82919342417951,2.6503751666038817,3.5711769557480553,5.196994647662516,14.640667141714438,12.83857599371979,11.197122463404346,6.483033892482349,2.855464970701829,1.1203660972290246,0.0,1.6606771667221931,14.128197401361945,5.380274893056019,10.977794271086186,6.305213310729297,2.8977362602092334,1.0232848066553828,0.2418730048440491,1.8636351940795612,5.9042433319852075,13.348770738137354,5.875622103106804,0.6848086382584355,1.086761310892582,2.4910751233399155,4.825302987220681,9.380740827157089,8.41605058839529,6.896032880667073,8.376062165820432,3.4934538263184267,2.060113080174783,1.8562671551090801,2.5260178167034657,3.397352728782958,27.305644057132238,84.05893659243597,15.16513717399046,6.5873569822797435,2.316705800615777,2.5024798492439886,5.703468751862668,9.48725148990116,10.68434856581621,15.616214068782263,8.932257373517972,4.3428791907750774,2.8249695004464366,2.456161231819489,3.464495499713968,4.446564981305507,11.276239543072753,22.065433604957125,9.13525874662003,4.064155772040558,2.60043464454117,3.1355501997864734,5.4488839096714425,8.110383589323364,20.434335079322576,14.014278103942104,8.614009866632058,6.286679143277128,3.3859383364258737,1.8879253131250446,2.3207357228822234,4.0689540908148345,4.210653228869948,14.174166629240176,11.038816967520521,5.709352340949775,2.8408216536273287,1.2052520672380667,0.13037382822697338,1.6256276904733955,1.7048744100793527,2.9194156399188103,1.9143467732550785,1.7142127410960553,1.9718018893566516,3.703756128850108,2.0561794395840995,15.461945198816439
R4:parametric:+0.5,3.4705764973936457,9.970490914377182,14.71468198669845,9.129001650524563,5.561247715195349,4.387402854004168,4.147575345416693,5.050934863412142,5.9255295855502945,15.303238235705322,1.7903777027419183,10.385916438798906,9.147274953064068,4.2910480583843515,3.4181998286209816,3.4603666267981805,4.198741076566304,14.7057687621941,61.222910630813914,10.827599623919502,6.379957004036194,4.683723365263172,3.9828942814385964,4.899557606668551,6.623683132231227,15.235709548818425,12.429862184987561,14.883890046232064,8.0239406365813,3.731134311485544,2.970642525067546,1.6606771667221931,0.0,15.54962645551257,5.575460807565773,14.302435948819602,7.781911340588525,3.7244081046454025,3.003413838677574,1.7129303530908444,0.28856603509143497,5.467221847363853,14.843625760389395,3.288184037918776,1.0073483871988294,2.9669058714397254,3.7868118739421606,5.874224463601282,12.159619067351711,10.817823666540034,6.957789069579062,8.19176806411064,4.249859202805591,3.5664984551751022,4.23783231864048,5.109043418289211,6.348231249960766,26.301158059129293,85.25403399500922,14.300693988383596,5.612587082752388,4.210889185332331,3.2915922516294738,6.14997643456253,9.689222716394228,10.976701858268058,15.703456257209773,10.385628707734266,5.7792974426348565,4.659863550107629,3.8073109477102514,4.819346752770781,5.8079448203132555,11.41412551779185,24.795786374962915,8.676599159089914,5.247314561674413,3.899130750856002,4.7887523940616274,7.337372104329393,9.775578562697937,22.1128843455695,14.727862838553355,12.598442051175194,8.250932496296855,4.380880836117448,3.6694262470115455,2.948975360193035,3.795194993839784,3.7901103732778427,15.388526990566564,14.537901169920584,6.976043866800392,3.5884960584729466,3.1532365317046342,1.6230744036448552,0.14438602613056978,3.5702720556108245,4.159938921401261,3.503303260571598,2.552926420844557,3.5401517855693942,4.98171538146235,3.567220142246466,17.5696223479407
R5:open,23.00633846039858,12.786789002857446,22.85315442061064,11.480808981496716,21.454440154242903,22.89568838709693,21.456753060196124,14.919372834153629,13.357606162913573,14.132414341074568,1.3580345405014598,14.199072666949055,12.201329141440425,22.762161303729897,22.87780918667555,13.811437467592965,10.607343177530415,22.85432481694622,69.93303845875654,22.912246844284727,22.917049180405584,23.111844157045226,22.97892574430815,23.137872123277628,23.139363595667838,0.23785030051204636,7.853825710214916,19.581624461581924,8.382789140257122,22.364288941743997,22.917255780436466,14.128197401361945,15.54962645551257,0.0,6.84627103551666,17.536106686237073,9.118737076335671,22.366399447106623,22.818886417501076,16.445058514378363,14.314115387892155,4.769004393970166,0.13617583460565216,13.395697110656233,11.979482228391122,22.84739013674152,22.52107616447505,14.007223119904042,13.84924022889935,21.998627776699724,7.316982837492478,23.824971582000387,23.32217504882525,23.180349833373143,22.951360031039485,23.098509955538283,22.6317861900124,36.506736750140384,148.1134774898237,22.65641324276025,23.028919070713524,23.097962806725366,23.113045522213856,23.08127750873314,23.17610338028005,25.160797746214,16.301332987776252,21.62273411284309,22.450554268476044,22.914320653713602,23.2016373153528,23.142833742203944,23.279005558824398,12.00877626504628,33.09868973519907,23.052108559520562,23.10669031660246,23.018944621252263,23.156948250446582,22.984635619024587,22.58754403136234,20.931745694945253,22.827195926239543,23.33419115244321,14.732312667631208,22.6618480524729,22.1387942465238,13.754930703282026,9.732750342287273,2.2415549857390125,0.1354725379418912,18.437962558844337,8.371089963414024,22.242871833153917,22.945867422809112,13.363849265667739,16.32870473461558,23.025329789325752,9.905615292246768,22.976911331691095,18.04889096202191,22.97501098156952,10.791459565761176,22.896588177935893,31.72397380424452
R5:short,5.8217530714328145,10.262603541526753,8.26295219641001,6.09144856169201,5.550931719590405,5.559595598052404,6.065490830932498,6.371924011132467,6.795880574680362,6.786107859464759,3.5998582707075775,6.852043519472852,5.901931198846572,5.484366276249553,5.899082152608632,5.955552963401188,5.7024114630672225,8.21163524674425,16.578351646199092,9.092378156881573,6.935795133684939,6.214214479031158,5.58011568199884,5.867462721811324,6.318992530758759,6.832789093232146,2.0067668405722388,5.931408034896536,5.497274077282986,5.924166825797422,5.643852156779579,5.380274893056019,5.575460807565773,6.84627103551666,0.0,5.944224726074989,5.597600289853086,5.898944498990789,5.637879718932624,5.448682312872872,5.644168243450736,0.26945490942555106,6.907205225813136,6.059510005867062,5.519908310019126,5.659033336194118,5.922002631785557,5.808537262167751,5.541568967291499,6.192967412980328,6.085812979760259,5.937251840654772,5.860617622223403,5.841247669602368,5.8630617126105165,5.724424937532976,5.760571101749877,4.041600753397353,21.671529549706328,11.37377788036265,7.403896061689979,6.048734451455526,5.616588495899824,5.456126347145553,5.188976640376266,7.338692791829149,11.980278877700561,8.88240383155047,6.855187116964615,6.214954578634267,5.500433977642701,5.715209515380136,5.96138062278284,12.364284314782276,1.6700776061623457,3.4789181376769,4.5174128325478575,5.3071102265153165,6.343591000694415,7.115352567729959,8.311147674717674,1.5515501136732632,8.246246733479865,5.281015131600714,5.422383691881422,5.609907750419837,5.919456041826621,5.695714491057139,5.700508343985456,2.7233776366354463,6.853618543780056,6.006995493672942,5.516275275572814,5.8370556909449665,5.6356457622816105,5.402108900806851,5.596394584530524,5.797143956599531,6.314581892776482,5.733473768739433,5.63710072554841,5.854823425919156,6.637394471617441,5.7106939615350605,4.012314435459698
R5:parametric:-0.5,9.765808960749194,10.374845612258445,18.20510877144493,13.33365111387509,9.28112254693956,9.544737271484355,9.766875750853645,9.618285056394305,11.05043222359296,21.07336243594148,1.675101845690466,7.40068472779183,7.071205808966868,9.84060163335188,9.645769226178373,10.6007313086562,15.795607248827018,18.19893162704159,65.94248903026495,12.122787053545899,10.054164026084694,9.850935341073077,10.182398119541258,10.877021296966472,12.336128049122467,17.51817276184112,11.317180559473982,0.28315577003379483,6.289331977509314,9.694713275755351,9.805045593287977,10.977794271086186,14.302435948819602,17.536106686237073,5.944224726074989,0.0,6.61921332195015,9.715551189264733,9.814952964810988,11.341951325657384,15.17818554052499,4.389425368601766,17.54629993456954,19.069433371429426,12.091494864173262,9.828347910240526,9.712696542317149,8.244261586358343,3.7876541202110063,10.388737056220608,7.057421430423933,12.035458181242609,10.541324228400148,10.062123965803416,9.556533085998307,9.545864014058512,9.949256867264365,31.097110140915422,75.87314632463003,14.126904260024055,9.6588054623173,9.738731468190284,9.814756612509921,9.82434647758946,12.256143829345483,15.506830624213167,15.881097256951172,10.342627895844752,9.270519546209492,9.634177309744823,10.088262330014484,10.866745354795503,11.62900293069603,11.6059182086834,21.49582978894642,13.450741877704937,11.17022307897968,10.042742968245483,9.835867892495525,9.861153266690073,9.974489017188933,16.35715121302254,18.199112811300534,8.24798777486114,7.941337344432894,9.60893029340471,9.604499681461078,10.675039083045252,19.743310641962623,4.755549170316243,17.53829782106848,0.25261356480505875,6.388806204481956,9.699946270577884,9.846818796173919,10.173818085334123,14.726455299564957,9.718926637715729,8.328382312370035,9.753158546803393,9.185420127475256,9.76673475428668,7.927309673370217,9.760914256376159,15.031943464594093
R5:parametric:-0.25,3.1156018336110436,8.5051337546375,11.631938715495544,6.3523142996695645,4.680412109614153,3.8297471340591627,2.6756968171700244,2.4057724033189984,3.6425799124570823,15.142595228533894,1.8645956704093167,8.879243265218985,2.5117365309867132,2.100917766272663,4.564886367067332,6.656754737882188,9.344194761879423,11.733716512309906,62.40985858023429,10.019240450634049,3.5503970664139515,2.600941714891212,3.3588876406508006,3.8648952960993364,4.530976958667176,9.19627783874009,12.256560032463852,7.899587886092299,0.24758116804138783,1.8987831603207492,4.727104212510734,6.305213310729297,7.781911340588525,9.118737076335671,5.597600289853086,6.61921332195015,0.0,2.1251280458338817,4.357031270380476,6.4503851491297315,8.118201273642923,6.1840349822240475,9.160577086969447,9.024800134364543,6.937637033835566,4.273177612189067,1.9634651793974132,0.6017426896465051,1.6076167651290136,7.012106993747545,6.900355871099446,8.8956140011946,4.2475193758093255,2.9547668702065044,3.493906761859281,3.747008758945852,3.9285711216806503,26.995728469839197,71.89379771536414,15.056580827579422,6.476103666263853,3.1746124293917815,2.9285586711074765,5.6949902513912685,9.42608874454094,9.812513296476974,15.621002521679427,7.491505385613809,3.0160507229069373,2.964364018254475,2.9604468914837234,3.4257179209427107,3.297878190631056,11.141417414414445,17.58457406458645,8.368350641169434,4.076241422591547,3.3553014408204067,2.6168006657302216,3.664913353038765,6.329397830023197,16.87164080655073,11.742916546709765,8.55742245816759,2.938997861049815,2.150128288255947,4.913596230867227,6.704296186803098,10.849213106061361,4.515690255579407,9.233847304006568,6.8569275564792065,0.23207091209555739,1.8648653375426942,4.2049667744510195,6.00742458157289,7.886733808888429,3.2784819795495257,4.452547413540567,2.946344163732118,5.761760535837128,3.676019384687814,3.774746660853748,3.2511928431253088,14.126634944724525
R5:parametric:-0.1,0.853835871377477,8.558826656368879,16.428843920385052,9.593722945721659,3.997725771841815,1.8794333642965677,1.0347951355276364,1.6488008897410054,3.4686723739384724,15.117365022926819,1.9208875150863776,11.569918231598521,3.4563744963514402,1.1816887026906957,1.9508545937117763,3.4839012091085806,6.678483557019773,16.60482334185547,62.69739512675333,9.673516297702708,3.163618661360162,1.3123549990021206,1.513816179316668,2.8843310129399793,4.971295900991849,25.014989480841344,14.353916707000156,9.769139557160994,2.1999702391532203,0.1769804503548401,1.9203934641704676,2.8977362602092334,3.7244081046454025,22.366399447106623,5.898944498990789,9.715551189264733,2.1251280458338817,0.0,1.7984451096010083,2.9614554517939387,3.9026723272088453,6.5525970989248705,19.43103687488595,6.38968981397128,3.3232988198946267,1.687310958675257,0.21539069262759838,1.4213750643856171,4.267910055484539,13.68563417291714,6.855745403085796,10.679880298025045,4.554971333789207,2.034760065399122,1.1598351310767407,2.4541493261997047,4.352758608141602,27.010077397146176,84.9761641174253,15.5400740061776,7.081533798627861,2.4019042031969398,2.040236782433036,5.214242051091754,9.020858777103719,12.750816080248047,15.553441481036558,7.658280398079794,2.90521931280898,0.9995452089999252,1.4877426038442496,2.6559931545846607,4.8366208524733025,11.10847652412648,24.831537495913064,11.552795276045817,5.196003683621299,2.2337119459343024,1.4661454638267093,3.7594496418925,6.679222964976046,22.95422656074364,16.64250905656785,8.620569442103466,2.9699470219948876,1.2617999246326963,2.0906848309145403,3.5173118594541215,5.908667563058999,4.803948251684287,22.526366577302255,9.935124792209287,1.885449572490366,0.19787593177534754,1.7137174082443145,2.797031879234102,3.746881841760385,1.001439278061918,2.36885238353477,0.7640735194484508,2.872510114850283,1.080327823077767,2.7396701821498555,0.8547184597814654,21.08079091105697
R5:parametric:+0.1,0.9105567792170434,8.951226109677217,16.175244755372503,9.179805880641306,3.6646836804551244,1.7990000402895436,1.4544541648080929,2.4432911307145435,4.2776241015653405,15.10510444963593,1.921662895899717,11.015236226014402,4.364219262210678,2.0728310914869517,0.9735910568044617,2.791287451113759,6.591822198972588,16.36642606714693,63.09184190668835,9.74421784558443,4.022142337154999,1.9455578838378915,1.7798408370275838,2.8472120975904622,4.763608519569662,25.65327343575415,13.921226177702115,9.870955898439378,4.464738315032,1.8277116764854768,0.17972180041353947,1.0232848066553828,3.003413838677574,22.818886417501076,5.637879718932624,9.814952964810988,4.357031270380476,1.7984451096010083,0.0,1.3274434056713882,2.847296072243532,6.2649587406034195,19.729527220918012,6.354653368822591,1.776333097174332,0.26591264534847814,1.5710076054990563,3.384990533791011,6.171906675271845,17.177560606675513,6.855731894643092,11.272456845199773,4.6957682619113355,1.825980553278394,1.608414861236591,3.224244555980476,5.741407078043276,27.36377011523463,98.75939087289129,15.610845198602632,7.146270149467582,2.4276375146737887,2.0539231061181398,5.27077261779008,9.130097577698457,12.241719082529027,15.555334962031308,8.411560700259718,3.675910319256118,1.947482744537277,1.544398865088426,2.7166931083040367,3.9741884907496403,11.192550914236424,25.175348636929428,10.988559947050753,4.365671575501211,1.740115481316813,2.338476510806752,4.712002264386582,7.526786620861263,23.031801318627025,16.409241625729585,8.60103724773664,3.96961568892873,2.0929898047538122,1.0297156597071198,2.1216747471316055,4.007520049469408,4.532924670187061,22.987586743326727,10.03876184174373,3.9972210345229184,1.8265813011259924,0.25871677517560226,1.0753950511866446,3.120807159638614,0.7516710051549792,2.2650259530031542,0.9626553798494266,1.3744018457543625,0.8458804704325071,3.1059856561193886,0.9918937885860357,22.026632771248615
R5:parametric:+0.25,1.9431070338300342,9.235112630695616,15.596467909311517,7.225237701173445,3.743137401624324,2.511913253256115,2.255802129249965,3.175690425243563,5.056107238761329,15.182049805231069,1.849935091668994,9.538722569485978,7.145846939877243,3.407981868117097,1.742681661464611,2.0174133236810152,5.715718092488598,15.5852907108098,63.83849915246298,10.412705132507071,4.641152631346294,2.729263194251627,2.8386597089651895,3.8792128758020037,5.840215393144499,17.294907273209404,12.850195681410923,11.597242990932825,6.6357836738004226,2.913278735990015,1.313734074382047,0.2418730048440491,1.7129303530908444,16.445058514378363,5.448682312872872,11.341951325657384,6.4503851491297315,2.9614554517939387,1.3274434056713882,0.0,1.9238903811497092,5.928185722636589,15.254681578579513,5.979965340795058,0.790347078971113,1.2908224007661326,2.540274052174764,4.919553687202019,9.677994613616049,8.839668746218797,6.914299182897211,8.714367686863298,3.727113142000805,2.115146682183047,2.3991116632639704,3.249589210687864,4.369484568225775,28.355908209445097,97.14134427139454,15.170209642609263,6.514918469978954,2.216014498012615,2.7612896631368375,6.08884706189123,9.997184103113815,10.766924521884357,15.649574517826167,8.846452119090443,4.261378335853296,2.7259412790924435,2.6269229481502285,3.7766785386401662,4.9024607403471165,11.268138808081739,21.902299828087195,9.143057305237628,4.405271846911444,2.7666612791540257,3.0445507984949685,5.3432098344387375,8.013475195176827,20.32108680462139,15.585476408040764,9.0055014408586,6.479147512968793,3.467082675009481,1.7930817374418238,2.187652016236278,4.143365371172623,4.234108767954893,16.51146063513609,11.419986684772024,5.829898911056448,2.8975498974959466,1.3991423540402568,0.1675673467020113,1.7202485200915372,1.7980452075077276,2.8493835875817903,1.9652991394862611,1.5481949973878997,2.0375222985307118,3.6311183277332004,2.116457162759886,16.02182386098443
R5:parametric:+0.5,3.4808468408806887,10.018925047177156,17.947255190855458,8.409293485400132,5.124180341837941,4.019556848729137,4.259797635413733,5.135215626568842,6.494367689734366,15.301437675182934,1.7875333120918366,11.28997458500425,9.705122160460595,4.501855871050062,3.555322034889937,3.5934564625606646,4.3454342236007335,17.935761778719527,66.2323732589869,11.37369083270466,6.437345019777963,4.776118850129338,4.73170165906853,5.768547524266287,7.925009267753257,14.075622707995715,11.945876223109936,15.889690485690828,8.377104871973703,3.8577713672084504,2.8917790677845914,1.8636351940795612,0.28856603509143497,14.314115387892155,5.644168243450736,15.17818554052499,8.118201273642923,3.9026723272088453,2.847296072243532,1.9238903811497092,0.0,5.358047355115117,13.765733115214902,2.865551000112388,1.2372035362183815,2.945365762704849,3.9103450751466786,6.103198366939965,12.870227726610135,9.949727828059553,6.967707942959665,8.096623143197176,4.327833121815285,3.698086247918525,3.895922705498113,4.6886345556282745,5.77610850768203,30.99227041348776,99.18519228105835,15.045364892421107,6.170318287396919,4.318174883529917,3.527851997486067,7.181133276316502,11.386808649229428,12.648640069940672,15.74324660454468,10.391611372426457,5.858271536588325,4.753824897556754,4.553500597155762,5.714619935954736,6.857110341395757,11.433762082628922,22.3567819630732,10.477264199860805,6.185650829876343,4.59812639310186,4.8848166465722755,7.354608753224915,9.769071935718754,20.287278748896284,17.935888746264023,13.81709302196654,8.731865077412428,4.600275414400002,3.798803587765999,3.0330524844498643,3.740082763062231,3.6974003339981465,14.197917203974427,15.47631463184753,7.258340355191073,3.7477463032176543,2.9808183781949893,1.822902440878564,0.25707128397884343,3.4431849732914794,4.271228526259225,3.509876095212208,2.6894583558407996,3.6504003155569436,5.077951002578351,3.7081284609150043,16.436839527584542
R6:open,6.47077263250387,10.9739488412394,5.848784897281506,4.698393138317698,5.733749426596091,6.182271124415747,6.740293310859511,7.0757559189008115,7.525315774232807,6.553342206138871,3.3011440726290737,4.777329947238167,5.1499187901346035,6.081498010752604,6.542123507903883,6.5911470333697535,6.28338366647007,5.801407289983987,12.798872108123382,10.01260366447675,7.683366970471714,6.907568419180107,6.11752393199303,5.64873207537136,5.138714071466648,4.7630354530907395,1.324663604010189,4.251290355018237,6.061296261099072,6.586980874147174,6.2740494217034195,5.9042433319852075,5.467221847363853,4.769004393970166,0.26945490942555106,4.389425368601766,6.1840349822240475,6.5525970989248705,6.2649587406034195,5.928185722636589,5.358047355115117,0.0,4.804809069487606,4.716919185583929,5.742624792103299,6.291077376789998,6.588132054173046,6.445496916661113,5.636474231955997,6.237835981297349,6.065992881316542,6.583061447096554,6.510362531372852,6.5021529481238955,6.520742390548168,6.363185461317221,6.400531782279395,4.478637312593731,15.682518356446993,8.390909625376246,7.083467081968777,6.727947869134136,6.236418530500683,6.063008390255704,5.76221112016373,5.148912604113366,11.378098477956929,9.783933561276568,7.5714916786865185,6.907133221543643,6.116583841339725,5.750113851493392,5.18001986652899,12.45104069055414,0.9040802533881861,3.4751131959245893,5.019977578284783,5.9027494305706405,7.0348324693204445,7.900754195652894,9.191169856231934,0.9017912732382005,5.821653368878748,3.8210766604180115,5.417014300814622,6.231854679262814,6.578954475310868,6.304812116338193,5.675513892445147,2.100828381185275,4.7681721065692795,4.270489978339782,6.085697609425557,6.465782059345195,6.2550805430773195,5.883220227784114,5.380355353985919,6.4413573638540855,6.953031825174909,6.364669752293201,6.241826109128952,6.51156007173334,7.310618354905211,6.3447704249159695,4.433768955589731
R6:short,20.16979948992122,12.770527599949634,22.688125086180488,10.606265011708302,18.634548917578122,19.730445412520524,18.82883228714015,14.000855641975091,13.317562533908415,14.127072027279207,1.3464511501425134,14.212798472132588,12.294745631054987,20.391828257497195,19.743119445796403,13.101232319084776,10.296156208054589,22.656534495776814,72.49212124706594,19.858998370969775,19.823518339999424,20.413740061529968,21.035584527664525,20.869203787271424,21.42522636602699,0.20244502487710636,7.893841795770185,19.592010779122866,8.415659389668987,19.43470700302802,19.784528609016476,13.348770738137354,14.843625760389395,0.13617583460565216,6.907205225813136,17.54629993456954,9.160577086969447,19.43103687488595,19.729527220918012,15.254681578579513,13.765733115214902,4.804809069487606,0.0,12.92112695870147,11.619999963617342,19.742890093056882,19.533876133640643,13.196609678450786,13.859471047227899,19.032846492242445,7.3293295544127695,22.288946116648347,20.09367231916981,19.976493441997544,20.52209073216023,19.88441597632328,19.540415723506406,39.81346840725472,150.40827959982263,19.557173179149693,20.06553886202253,19.890166700832435,20.71838421064442,20.917763339552224,20.471590066339218,22.773895475272077,16.33079430382507,18.856642163835428,19.46285928015786,20.179265496952308,20.30624784670333,21.885420322482542,22.2260064375065,12.005064601726712,33.35531016039386,23.271584819093516,21.722437202804336,21.387878536636443,19.993420946094353,19.83958875050794,19.571737389980544,21.058458615379113,22.65138194701505,23.341020816693728,14.962875061580583,19.637574972924373,19.254913302807232,13.846863054391465,9.71356244174664,2.276465264217201,0.1844458985899757,18.44833368199646,8.333790356111084,19.348968468028698,19.791197854221405,12.699675080561839,15.509780105777374,19.853958688054995,9.872401811191452,19.920917326034893,16.392210688146424,19.81706097189867,10.758414560494709,20.79004489496413,31.510497243263067
R6:parametric:-0.5,6.39511060916868,10.89732562551498,22.233858617398884,5.859397568758758,6.164143287100339,6.398442872075481,6.828820868249626,7.611158257461007,8.145415461779125,15.136347411685326,1.6445645419234145,15.947768089746893,11.710425566795458,6.359859774364292,6.37657645878629,5.644565145024266,4.46629635419799,22.21912425805757,68.83962088679003,13.02864780282298,8.639240919894643,7.405031204541462,6.423894134328233,7.282019676410127,9.980491900892943,13.678227017799934,10.851575646845282,20.763631735118654,9.356112331485505,6.516880487286944,6.324947285245466,5.875622103106804,3.288184037918776,13.395697110656233,6.059510005867062,19.069433371429426,9.024800134364543,6.38968981397128,6.354653368822591,5.979965340795058,2.865551000112388,4.716919185583929,12.92112695870147,0.0,4.985217063324127,6.329090515033471,6.673724844328071,6.588417773287956,15.731750007658585,6.726979745556063,7.085741144541022,11.79730499949814,7.624083907188756,6.583932057369065,6.449133043897,6.479881508228014,6.5394468536601975,34.407481035407,112.66666640889053,14.284798327470261,7.930803135116642,7.05540398783887,6.370246295769248,9.244088973522237,13.745786007774463,17.6029037451653,15.937518551197087,12.209746527236865,7.777181313762776,7.351176876466007,6.3793301578967165,7.286609383556478,8.574864841222553,11.616378607773084,24.918308185714363,13.09699666354049,7.77886907093351,6.42115757366065,7.175616502861745,9.872644247377476,11.87873660689748,20.519593411230446,22.219037293527634,21.74582369415172,10.31669619137899,6.47770837538785,6.382527163965388,6.543807042968135,4.700428415340364,3.096076115985878,13.425646564305133,19.83042598238758,7.9452208065542935,6.367684523598456,6.350467840166853,5.809221216627443,3.0397923639117646,6.408549173659848,6.030502597354942,6.405700509537565,6.352830601855256,6.404991409083819,6.794494263997559,6.41016218556914,13.196705414825551
R6:parametric:-0.25,2.3016778582427397,9.523999779894703,14.130637950568056,6.724531760856024,3.7843346126562913,2.9092468428065543,2.957908587583329,3.873918793322683,5.345801257579096,15.223896014875606,1.8317517309388087,9.283095349219733,7.774561653185235,3.806361634980922,2.372811162898856,2.5057287190243733,4.771141189370037,14.121601415202804,65.8033147981912,10.954311986704738,5.295262481866009,3.4525510508825956,3.320627956713302,4.249641679767215,5.95198305768319,11.830012701141957,12.66153246181954,12.393592354627154,7.1349296377244595,3.252395062163916,1.763618703247987,0.6848086382584355,1.0073483871988294,11.979482228391122,5.519908310019126,12.091494864173262,6.937637033835566,3.3232988198946267,1.776333097174332,0.790347078971113,1.2372035362183815,5.742624792103299,11.619999963617342,4.985217063324127,0.0,1.7459442654346278,2.854283908884095,5.320317126578368,10.365316031939642,8.080048270492744,6.931680980067396,7.7949935060155315,3.5786993268206895,2.4748156094573432,2.661095864507897,3.3628334227185235,4.26675114605704,30.37678362972809,85.73181519034456,15.330123633862115,6.5822575412729005,2.951135672984686,3.0733407142456333,6.652418500329406,10.829228655912567,10.487525218407393,15.685472084588227,9.432647468690172,4.838978273868159,3.4425806284210227,3.1341899443487145,4.156405673508249,5.153894607295313,11.326503193635734,22.665363756038612,9.866138399269156,4.872885924470593,3.2519678678219313,3.6990548188518035,6.083824910118693,8.67775514440903,20.792614110958127,14.12183565871973,9.868204484722524,7.069454532088031,3.8750423592734102,2.4893238837576197,2.3383815545303435,3.639610888797212,4.05584271183064,11.915751014859188,12.192912730286078,6.275628454573618,3.232612596167511,1.8399898057771065,0.6705520075185397,1.1093989779213882,2.2801308844583548,3.353356164038802,2.311717292444252,1.8298561687395056,2.4527197408894095,4.149429524290238,2.501370395005871,14.205942732034261
R6:parametric:-0.1,0.7880232787707302,8.95753415239983,16.789056584013196,9.017325337841367,3.705766605908058,1.8714031520414287,1.4378762081787908,2.4418276513391333,4.245120819936815,15.108086288925767,1.9226040626047765,11.287453446632064,4.279772073388811,1.9598268256113143,0.9494706048155929,2.8273617357355296,6.634808605415537,16.99383705190803,66.96398404170245,10.50372171151335,4.036719078051454,1.937529202851712,1.7335070554590077,2.8032349707110376,4.720556068568863,25.701233760944273,14.103439222382383,9.884729741682644,4.38249896538266,1.7210252215533592,0.26850241456001106,1.086761310892582,2.9669058714397254,22.84739013674152,5.659033336194118,9.828347910240526,4.273177612189067,1.687310958675257,0.26591264534847814,1.2908224007661326,2.945365762704849,6.291077376789998,19.742890093056882,6.329090515033471,1.7459442654346278,0.0,1.4663593979842346,3.2904971671190153,6.126256511131499,15.095370909379202,6.86038830607801,10.436081640984547,4.105130329814792,1.4576285837389866,1.6774676895146705,3.02040133022035,5.155118129289205,31.313796764512823,98.96372418094846,16.23365283070185,7.734592213380422,2.625182437672834,2.2586528481587567,5.951201084455422,10.393605595498318,12.543233562975502,15.579628915526678,8.450913053023864,3.681520633842096,1.93927992625636,1.4967492716194366,2.6713965117563756,4.1182420638851305,11.190403734086,26.174403924336612,11.37141115693456,4.512340312412768,1.6951625357323843,2.333769795813626,4.7423910080690055,7.5721173511043345,23.790899109517397,17.042716996404693,8.434735376362195,3.877261263359999,1.9789667882165185,1.0973804606256874,2.164175259502843,4.287460754394384,4.553076751435397,23.016989143015394,10.05284807572708,3.908880629384459,1.720637960162016,0.24603379879798778,1.1266953648905116,3.0824639646118537,0.7247722673345897,2.255300979128501,0.8435359779914021,1.4285162250006147,0.7106959584855981,3.0864739793671596,0.8649893792728369,21.364182716593632
R6:parametric:+0.1,0.7226083058279115,8.655197534697708,18.57577525143212,9.232898014883505,3.885618906657495,1.873275629046974,0.9423746103225354,1.7250055276138594,3.5798124687300312,15.12276421111273,1.9241163722802206,12.45034049085127,3.6046506139366215,1.2130512945616903,1.7062536002675464,3.115827965098313,6.757993024019364,18.802074534541756,64.19176554005982,9.940494008625485,3.350340513781365,1.3383214867879072,1.587789069386793,3.060568768661416,5.384798109645136,25.231628229018852,14.917992749855953,9.766142295667308,2.026884980388148,0.2800341015861586,1.6606143182979503,2.4910751233399155,3.7868118739421606,22.52107616447505,5.922002631785557,9.712696542317149,1.9634651793974132,0.21539069262759838,1.5710076054990563,2.540274052174764,3.9103450751466786,6.588132054173046,19.533876133640643,6.673724844328071,2.854283908884095,1.4663593979842346,0.0,1.3514256404885339,4.110029907870992,14.389308172022611,6.855402071862817,10.798089309500282,4.568210242398361,1.9738031183740707,1.0713270265726254,2.436509231912134,4.527351682774381,28.389421698494868,88.27725193990364,15.808698781436618,7.332494815743218,2.5036140972654377,2.089557874909399,5.430405346386932,9.443338569038517,13.740587072563686,15.559979434631678,7.924812701343774,3.0520179768277345,1.1068145532673894,1.5579614588187571,2.821815370274716,5.237575862584816,11.117611089227001,28.39607826971029,12.844119082193922,5.606324616195163,2.369782461476979,1.5831852223950655,4.00970769623526,6.976943914948428,25.637930625078447,18.862243065641323,8.61151455337886,2.985824282440425,1.178264729897475,1.8148437454646262,3.0821691199947137,5.027435514904516,4.821688426304251,22.683970903750104,9.931983119049866,1.760297759874305,0.21716315579811904,1.4989111811857136,2.4204300012577655,3.4877669068308235,0.8578841340313899,2.1530987692317423,0.6441658293740977,2.525710303193289,0.9102226216387687,2.78144607745668,0.7158165277175768,21.159848717207122
R6:parametric:+0.25,2.320029382610904,8.59479897639558,15.105097603241884,6.112253904932492,3.3521159725561973,2.745816454457708,2.0342538808378294,1.9368080504557035,3.1325798021259676,14.903535036840571,1.8872452197159373,10.853724596321744,3.1601811817313945,1.5497398171696037,3.559486499175355,5.299438940339344,7.298936555320511,15.259102427020263,64.44306029337243,10.263183088306654,3.5086101224202526,2.086670593717394,2.4695615083424856,2.87968341553782,4.491061312029529,14.545599770988153,13.840262160338547,8.821223442215457,0.6649065857538766,1.2514942439001633,3.620189417363943,4.825302987220681,5.874224463601282,14.007223119904042,5.808537262167751,8.244261586358343,0.6017426896465051,1.4213750643856171,3.384990533791011,4.919553687202019,6.103198366939965,6.445496916661113,13.196609678450786,6.588417773287956,5.320317126578368,3.2904971671190153,1.3514256404885339,0.0,2.157852978967617,9.189556383864755,6.885301618147686,10.06662448798637,4.768079251213396,2.7436330227676216,2.6539399194648294,2.864041800032156,3.086731275259129,28.784591533840242,79.56472032666811,15.55774587744394,6.981765433286352,2.378960688089532,2.4534738690727114,5.839305777629386,9.859856787860306,11.976817234127875,15.607469091340791,7.670121481116853,3.0080457017469455,2.2087911307575787,2.1957204541405897,2.5985277557274626,4.362821955289212,11.125013482996978,22.863943357530243,10.628460504387636,4.720945502286049,2.45222883011116,2.1294766678687216,3.8394993116803833,6.695839224827196,21.352776247523856,15.287393745653945,8.798653820806585,2.9546887437954523,2.109453076804602,3.792596838850693,5.33790966478286,8.307406344622555,4.714864061572519,14.054990163144634,8.327954554901275,0.4510588795070423,1.2268714387304778,3.2699030190897203,4.646919372229851,5.9249303421676585,2.4709056413739794,3.6987056923268944,2.1907196472475032,4.58166144737863,2.7083430151046164,3.1528659942306754,2.391019265369897,16.576191225403267
R6:parametric:+0.5,4.595996271943037,8.692063167722853,14.081317164379502,10.747929017321692,7.612284109187557,6.059933353454103,3.8451927905248984,4.0389091964453065,5.188390775973322,17.412144059652157,1.7953510864918583,6.771476673866028,2.5875430206523866,4.090725229301507,6.446089680810432,9.262687196947743,13.772918023114181,14.064952883291834,59.738243407359064,9.954534405646783,4.115754429105181,4.369160935821317,5.063661849367652,5.777441226055141,7.116707747369858,13.834792997960411,10.339704137823661,4.08667320495863,1.3807571792967384,4.09701733366539,6.874665711128463,9.380740827157089,12.159619067351711,13.84924022889935,5.541568967291499,3.7876541202110063,1.6076167651290136,4.267910055484539,6.171906675271845,9.677994613616049,12.870227726610135,5.636474231955997,13.859471047227899,15.731750007658585,10.365316031939642,6.126256511131499,4.110029907870992,2.157852978967617,0.0,8.923008103584706,6.951178182145279,4.842026911757994,3.5741144586066307,4.414438018981142,5.051967817814124,5.3912694662471035,5.452925338854056,25.09298337317803,62.53705484325044,14.099284248510077,5.492359779770784,4.649704543678419,4.322404490574768,5.846181210015149,9.221268559603185,7.682612806639037,15.684862873536781,7.548393393715755,4.943767951794968,4.620217146219119,4.3768614055456325,5.589883685946284,5.34441671890271,11.230124474112651,15.920448743916852,8.198624642071657,5.954026039792522,5.099343273351818,4.435281491845777,4.2405645984076115,6.51047414249434,13.192112461615395,14.07505926698997,6.389853702883335,4.028742618571693,4.411751620404548,7.075685630254485,9.330169395391694,16.99930929465436,4.09968272671077,13.852921765459206,3.84092729475019,1.512935349168809,4.201808451427579,5.938432339367595,8.733714374236738,12.479153474287072,4.774234794671375,5.744907687519584,4.389146165295176,7.979345404544222,5.56378667985759,4.827040382836778,4.888210697976449,9.434950491396215
R7:open,17.49053014870252,8.685753208441966,14.653796431538137,9.165191426320229,11.882285170448458,16.44369174792142,16.147175626356752,10.526924071722217,5.332420668800375,14.886126603577248,1.5867652580343996,9.716339375100304,9.558544206419786,14.941132048079378,15.258971988851924,6.353068436646691,8.679611987534267,14.642025802673952,66.85327431632263,15.235183621791043,15.920388231210199,17.91389363719141,17.628352630432623,18.44788578637407,19.04253692608374,24.709949356001424,12.971277897321567,11.657081505800411,7.344091243663569,13.867645215483126,16.685731213447454,8.41605058839529,10.817823666540034,21.998627776699724,6.192967412980328,10.388737056220608,7.012106993747545,13.68563417291714,17.177560606675513,8.839668746218797,9.949727828059553,6.237835981297349,19.032846492242445,6.726979745556063,8.080048270492744,15.095370909379202,14.389308172022611,9.189556383864755,8.923008103584706,0.0,7.129493380275195,23.34634692564591,19.7866347873502,18.45939602858858,16.679196606247725,14.54888748907364,12.969733514872843,32.35470988014838,95.709277264961,17.145468662253503,18.29956777296557,17.26063765022859,17.53302048727444,17.95820847711673,18.01583603730224,24.789950843857774,15.996958299532217,10.627789191215985,14.43480024301598,14.42341911639129,19.74993091057263,17.587758375676053,21.541002317689436,11.160339522922214,22.930893088769423,17.880330178952462,17.981772184599336,17.92319915189266,18.93866691723722,16.230434070198648,15.24538304724181,19.03781226857676,14.63574127766588,13.477645727076046,9.058586002548699,15.635110366649702,15.950646647994104,7.2199814904543596,6.372551385861756,4.539451237737576,22.16133770895838,10.783196226528712,7.387940243792359,14.486112937743535,15.023040117818665,8.122925341090918,11.36815730890091,20.62926083448004,11.089025982710291,16.437653574176466,10.601722605088755,17.459806156072926,7.845598852449897,18.400247973160983,21.885511472597084
R7:short,6.855047476000963,5.810384296577034,7.743584517216368,7.101824928321323,6.946943904009733,6.892409901237898,6.814664584341394,6.769976522385938,6.701878709504575,6.97039150739463,6.546644430666162,7.320915146050555,7.0461393093033955,6.911144715753439,6.83023658847042,6.789010093000211,6.771326363817112,7.723129537944968,7.003262101177057,5.962018479799545,6.554173214451724,6.752553527968067,6.946959221227393,7.036591496504342,7.1594121169509455,7.315341519130187,6.215481808250729,7.056926364764973,6.901459137707985,6.853178178173712,6.871073951100819,6.896032880667073,6.957789069579062,7.316982837492478,6.085812979760259,7.057421430423933,6.900355871099446,6.855745403085796,6.855731894643092,6.914299182897211,6.967707942959665,6.065992881316542,7.3293295544127695,7.085741144541022,6.931680980067396,6.86038830607801,6.855402071862817,6.885301618147686,6.951178182145279,7.129493380275195,0.0,6.5853735404387646,6.756503887106262,6.828712691244541,6.873220773288709,6.902481311812468,6.950580118314136,6.030658394345073,11.534298233470608,8.763121876629711,7.490333214520547,7.069096082276566,6.684653215987564,6.470407097129708,6.205565916245827,7.467694991303078,6.924050864292829,6.252445668688462,6.6570762889359925,6.785763646248688,6.910869520028328,6.987787368071318,7.054348456073085,5.341849002256365,6.1592522799411755,6.331217099479465,6.594371692417579,6.744147010124772,6.959451164707979,7.118954255382869,7.366045003255288,6.158583409707242,7.729878256567967,6.861087318172124,6.900609468603819,6.846094773742135,6.860877529662398,6.9031007679031395,6.9944422882023325,6.19593300027084,7.315595665392663,7.071555558940691,6.903807666817995,6.864995189824903,6.868269797095265,6.90099804225514,6.961313814459735,6.8685017279771525,6.868763983798169,6.862237587870667,6.874340568576003,6.858588782532061,6.741417767356518,6.833715134810213,6.3534320344267945
R7:parametric:-0.5,11.313298854714768,8.350526518033263,18.83860147484407,16.368912758998356,12.480194271493122,11.796870856255763,10.248278582179735,7.258680566304613,4.444831269130827,18.44348689061506,2.2581084338211665,11.02842747860269,7.9131754498693105,10.418317746124664,11.568465445059225,8.483007340266123,8.43312923081318,18.845359149287432,62.44060577038988,7.63554120600069,8.589522988795567,10.632628916749747,12.016873253873712,13.147345465832899,14.20065697241587,26.535582343817527,13.873057671775964,12.145233409055052,8.616121315690625,10.922645152297378,10.946974917990225,8.376062165820432,8.19176806411064,23.824971582000387,5.937251840654772,12.035458181242609,8.8956140011946,10.679880298025045,11.272456845199773,8.714367686863298,8.096623143197176,6.583061447096554,22.288946116648347,11.79730499949814,7.7949935060155315,10.436081640984547,10.798089309500282,10.06662448798637,4.842026911757994,23.34634692564591,6.5853735404387646,0.0,6.99736586319609,9.761701466151868,12.55487827463578,13.740566019859319,15.662559469774152,25.24529862888803,89.01912027453272,18.19514015845355,11.503853143118365,11.243343494694997,11.32272316380928,11.508658330603232,11.391584798131374,11.955695612428993,15.133448196126542,15.318414170001668,13.407038579720524,11.485165278371225,11.04691106178592,9.70011554970041,9.29658467667775,11.076464776427827,21.986552955884676,15.391072002657936,13.458764284168186,12.221041153861393,10.878258768901313,9.089080217161642,7.906765102469173,20.708259455525337,18.85067820874294,7.1954069147627875,6.225529203591438,9.762284104083657,11.328928820124684,8.04910275442216,7.997466546963592,4.850925337990352,23.770525413041717,12.353914053075881,8.69282794216487,11.10742468399292,10.451870975851122,8.292245650859083,8.393264724617557,12.171807726651918,9.282538663473096,11.061511156512681,9.696906891026057,11.34486754128458,5.739389180433301,11.584198885847497,27.139883297736656
R7:parametric:-0.25,4.703464312068663,8.615908904276221,16.3839922710446,12.045784820580385,7.21730367186248,5.887718683775756,3.7664522520902253,2.2173458747126893,4.17844959934047,16.252180520084178,2.0440340917320348,11.487477553686926,3.408268182541818,4.109912573929358,5.237517050675263,4.280329940049292,6.765726246619996,16.561867180709328,62.27303877015133,8.69239316986766,3.2865213755582308,3.930476844642223,5.453098032843564,6.66002606592163,7.874264941893404,26.321695999216814,14.289363528915567,10.61656746746318,3.9413001933277068,4.767600385336184,4.411960875506236,3.4934538263184267,4.249859202805591,23.32217504882525,5.860617622223403,10.541324228400148,4.2475193758093255,4.554971333789207,4.6957682619113355,3.727113142000805,4.327833121815285,6.510362531372852,20.09367231916981,7.624083907188756,3.5786993268206895,4.105130329814792,4.568210242398361,4.768079251213396,3.5741144586066307,19.7866347873502,6.756503887106262,6.99736586319609,0.0,2.9606798388555338,6.140704191321979,7.65685804617457,9.979922071225664,26.089723899820342,100.29503623268852,16.436718953687155,8.288740481050556,4.655123293322688,4.7087567367016,4.8627290220478585,7.787356529386219,12.67443736403613,15.397805680036399,10.22452988201981,7.297134448780414,5.2579127882421055,4.168426379584896,3.0094763167411864,4.7129198499214,11.120794341233877,24.86329717815636,11.468061450041528,7.057851386493407,5.650507589625679,4.072398818215901,4.28572316517813,6.800555421514694,22.953475946807785,16.600166730828303,7.352052919544492,3.3474505793508516,4.1165823236838905,4.902142781183245,3.513673752925839,5.693985111835328,4.764185370256445,23.49859358573966,10.799658051883304,3.9935146173105487,4.865256983525398,4.1313690472673885,3.53868467275316,4.413313575547844,5.356013260279467,3.698650711251683,4.562473248628908,4.163434201225621,4.740782001517067,3.040700861563848,4.898732966233866,24.03410082905404
R7:parametric:-0.1,1.8050413248157402,8.817123461560604,19.456094671462623,10.81475325330441,5.312552972243741,3.5147981663549417,1.1220298858897422,2.278953232256809,4.315315394985043,15.517455169221805,1.9576689757292454,12.589691430538393,3.3990131111227893,1.4784144236504309,2.5352484138048816,3.0393294577321397,7.028825702063948,19.715845585340272,64.32262562726908,9.715209113118483,3.71546189183642,1.4783422917408393,2.540052445617715,3.709885437764295,5.237996446882463,26.153832880617923,14.960148336272246,10.144422375558328,3.0388480005941925,2.218241813540178,1.5939180157058634,2.060113080174783,3.5664984551751022,23.180349833373143,5.841247669602368,10.062123965803416,2.9547668702065044,2.034760065399122,1.825980553278394,2.115146682183047,3.698086247918525,6.5021529481238955,19.976493441997544,6.583932057369065,2.4748156094573432,1.4576285837389866,1.9738031183740707,2.7436330227676216,4.414438018981142,18.45939602858858,6.828712691244541,9.761701466151868,2.9606798388555338,0.0,3.3088943880734862,5.004764545709597,7.50390859601436,28.378833455627515,109.63486485778958,16.09608040745691,7.708126807021543,2.8410103575365087,1.806430517721891,5.115401508797456,9.173036435943969,13.939716799844936,15.51919806032265,8.271897123624209,4.648809779628686,2.7154272140188347,1.4538690685435711,2.736834137854256,5.083545549686717,11.14845516029691,30.208858164195146,13.189998508955455,5.466770672042275,2.7150084641615826,1.931586648765976,4.434921063590887,7.371935538593154,26.8341694253447,19.79139033237867,8.001646466849865,2.920865468904379,1.911957747388889,2.1426198004647157,2.734392138026694,5.020442770324912,4.735950438758713,23.35552351741188,10.302114228286797,2.680042838332772,2.2490314040381167,1.4902823521919888,1.98396895618903,3.208890683078219,2.2067126727102377,2.1012587786199592,1.7812520106308278,2.112710987110001,1.846892645386426,3.060419705598851,1.9192213308593327,22.900620049323432
R7:parametric:+0.1,1.5159358360213488,8.712681868510503,17.972979185291592,9.753168897806644,3.813476842596537,1.4171269672777265,2.0088617784815477,1.812717969381721,3.7149661927181183,15.074299276019957,1.9045788024667243,12.115457514575674,3.4153673708601175,1.7662928222233627,1.5963697726149946,3.5338541505279712,7.54057596355895,18.18914936559314,65.73588005959377,10.394050317285409,3.4833372845011414,2.3128733429654225,1.3725995924160308,2.8333182929301866,5.10064831921736,25.884903202379405,14.691386634631696,10.635316915561093,3.5850433429314728,1.2173112120390932,1.58239916128342,1.8562671551090801,4.23783231864048,22.951360031039485,5.8630617126105165,9.556533085998307,3.493906761859281,1.1598351310767407,1.608414861236591,2.3991116632639704,3.895922705498113,6.520742390548168,20.52209073216023,6.449133043897,2.661095864507897,1.6774676895146705,1.0713270265726254,2.6539399194648294,5.051967817814124,16.679196606247725,6.873220773288709,12.55487827463578,6.140704191321979,3.3088943880734862,0.0,1.8920901442599103,4.500884101670283,30.030234436846165,107.30020120244374,15.898238739580826,7.351459571550141,2.3823195799572146,2.3657622561469407,5.904633973670731,10.131695126693979,13.387972794687933,15.594452266015923,8.0161651721487,3.1761674825261936,1.2787587963272016,2.544300944102834,3.031861104400509,4.95529098685238,11.132626618191475,27.553567699741944,12.397283216540831,5.3290615864998765,2.1417181551882574,2.4372065436873718,4.147089001931501,7.0804493892849365,24.974515136121525,18.244320806570986,9.058488505579518,3.481130188062192,2.2216875725725624,1.565724635230099,2.507059058667227,4.512619240649154,4.761965935757253,23.124617082980834,9.789448473971369,3.193015960197032,1.2215569850799857,1.7718848318033331,2.0534410296710948,4.459310111038272,1.609469007021063,1.7803698254579887,1.3883507910688548,1.7939739613068681,1.4747543589174048,2.7484491624549423,1.5501499565959769,21.584244511305634
R7:parametric:+0.25,3.31635145879554,8.858993995848156,16.833320238701607,9.265588105064458,3.2282024485318845,2.7370222796292736,3.6137313144295096,2.8158992623595562,3.6958636673354253,15.011137803197608,1.866754307809088,11.426609158726503,3.6609204851592905,2.982605131602938,2.1896600327241065,3.624796087781236,7.6858122735796925,17.033208888695697,64.97728862002924,10.522998897657482,4.708736785080087,4.065702599105412,2.7470453682294753,2.3210531682169626,4.484800085933293,26.091972062542265,14.212223897310013,10.811006327554528,3.8435488558592015,2.3157287157033664,3.292267789513392,2.5260178167034657,5.109043418289211,23.098509955538283,5.724424937532976,9.545864014058512,3.747008758945852,2.4541493261997047,3.224244555980476,3.249589210687864,4.6886345556282745,6.363185461317221,19.88441597632328,6.479881508228014,3.3628334227185235,3.02040133022035,2.436509231912134,2.864041800032156,5.3912694662471035,14.54888748907364,6.902481311812468,13.740566019859319,7.65685804617457,5.004764545709597,1.8920901442599103,0.0,2.461445289047299,29.395784857418022,110.49690567927742,15.479887716243038,6.8408337446285925,3.2828662597389084,3.3253979164545506,6.1410552609976365,10.222891650726156,12.669708779940235,15.636521142172487,8.258708409970742,3.4840809884354766,2.0862155501597908,4.455246525353031,4.669934576179782,6.714337359333212,11.16941718304305,26.03763088453715,11.50945188294017,4.727553524641521,2.6703954297202146,4.279519886520864,4.50633455828398,7.354514619490132,23.743128814895005,17.08030013445001,9.572826390873756,3.620627494763058,3.7483210120533204,2.672615751002816,2.9138473837100713,4.423843768554743,4.620976062717504,23.27453669523876,9.933678109998048,3.4271567348906165,2.340212215446,3.257870650933484,2.8489747738007467,5.381149961765785,3.7119273043561574,2.07912687444565,3.0947253768485887,2.2801193478496313,3.27674023889443,2.8835098648500495,3.439064693626358,21.626559862330886
R7:parametric:+0.5,5.88153006522752,8.771166993937003,17.029421293268186,8.76607046728743,3.3358496187806352,5.182981050825526,5.870053941813378,4.149393460659535,3.502238384205964,14.939994268493036,1.8087767262898435,11.304929320382412,3.841917041140976,5.0792627717929655,4.489943458979322,3.9536942484551894,8.144506184028794,17.01282785929302,66.15861271723168,11.200547644329012,6.7438076884193645,6.6022283719719255,5.421178614464684,4.889596631643496,4.534370857986215,25.480437578293333,14.143087472944194,11.333388026171635,4.0194384221883475,4.156405833825997,5.702988641537015,3.397352728782958,6.348231249960766,22.6317861900124,5.760571101749877,9.949256867264365,3.9285711216806503,4.352758608141602,5.741407078043276,4.369484568225775,5.77610850768203,6.400531782279395,19.540415723506406,6.5394468536601975,4.26675114605704,5.155118129289205,4.527351682774381,3.086731275259129,5.452925338854056,12.969733514872843,6.950580118314136,15.662559469774152,9.979922071225664,7.50390859601436,4.500884101670283,2.461445289047299,0.0,30.83643046603666,117.89721135595896,15.201954010000518,6.385030023809719,5.8076796786286975,5.897636699035195,6.955517852856227,11.167615563249168,14.363905745069214,15.716346000262101,8.659117919086203,3.7347722021754395,4.365441544766244,7.308888603641603,7.044998009956669,9.590276902163266,11.153662742421595,25.106247590836865,11.29468879499996,5.166389436835366,5.412792785441213,6.991833975711566,6.6361658785693445,7.137725872816761,23.07037574582721,17.012823979869477,10.261566318450466,4.556323986616775,5.883815082799129,5.033482292660309,3.401022107374424,4.4498404908102716,4.66009137299841,22.801046339246916,10.373068466184666,3.625625902911971,4.380283635324599,5.47412704787061,3.872130691646708,6.726349745721572,6.856981203023704,3.5007447269796494,5.486806117715018,2.995124594087174,5.841693741726507,3.114532290309024,6.167307540652366,21.635718328945124
R8:open,28.67905289037664,11.01283893362907,37.35690940422858,31.048955470563524,27.569470175572825,32.12910539112869,26.605851834244785,28.081143252767042,26.78525291582601,27.068221432821492,4.305438035667805,35.45192333987127,30.432192570301584,29.81488554144151,29.71627589704612,25.36703212709094,23.32797498723818,38.921118959994466,50.37334956026109,13.222276247306628,20.24553955176682,28.585582450278526,31.95706090580598,30.060040244424727,36.631939857401015,35.35321275192213,9.883079964539634,29.614176837509913,27.70621089991823,28.448462178767688,28.220795629652095,27.305644057132238,26.301158059129293,36.506736750140384,4.041600753397353,31.097110140915422,26.995728469839197,27.010077397146176,27.36377011523463,28.355908209445097,30.99227041348776,4.478637312593731,39.81346840725472,34.407481035407,30.37678362972809,31.313796764512823,28.389421698494868,28.784591533840242,25.09298337317803,32.35470988014838,6.030658394345073,25.24529862888803,26.089723899820342,28.378833455627515,30.030234436846165,29.395784857418022,30.83643046603666,0.0,180.68430157092385,33.86407689778834,34.51284657107977,29.095028086140047,25.846534253869912,27.602730691528347,24.18055155050313,35.50439691499403,12.513592685803971,19.271116963402665,26.01099485144902,26.61325858299281,29.649268485551403,31.63145380034507,35.90460421676723,11.662131295883833,24.396878845027537,31.116271756415692,29.750833303157215,30.050100082770406,26.559663533771793,31.727478587563237,26.804844858380818,16.82134861401633,40.29614596938309,29.969857751345714,31.591222724916143,28.39271639113954,27.99909700856202,27.310083721545755,26.791523064996888,4.689163150397268,38.453779731740056,33.534893967323754,26.363531420065993,26.709793036187897,27.823131990934016,28.02701513565465,27.330753572903795,29.537497935776695,25.346663036098953,31.02272450639572,28.168351757639,32.51964356058514,27.361836676021937,29.510102294872972,22.86672530856093
R8:short,105.20806337713596,35.944092304313756,176.90041927564064,141.7918632435625,129.67077244707832,110.59599674228033,101.47533718525612,85.80574723339137,85.84613057428892,67.85112680548416,3.818971169188227,122.99148599617826,74.36799017754386,92.56190933754512,95.26701074213783,73.21289035364322,79.67116790279084,176.8313994366494,134.5347255961419,79.7721959124366,95.6175416997094,97.91994437763744,116.208642691697,114.40793752978918,137.6881852733532,148.77799015504607,32.26733749894231,81.93391928462692,74.37962959166211,80.65521812900036,98.15261746341608,84.05893659243597,85.25403399500922,148.1134774898237,21.671529549706328,75.87314632463003,71.89379771536414,84.9761641174253,98.75939087289129,97.14134427139454,99.18519228105835,15.682518356446993,150.40827959982263,112.66666640889053,85.73181519034456,98.96372418094846,88.27725193990364,79.56472032666811,62.53705484325044,95.709277264961,11.534298233470608,89.01912027453272,100.29503623268852,109.63486485778958,107.30020120244374,110.49690567927742,117.89721135595896,180.68430157092385,0.0,101.03862410148169,106.61881137544852,112.29149345416253,93.20755757463834,116.99091214918539,135.9924188605654,104.47558776763684,23.09090449162031,89.02109469359644,88.46837076734307,88.35848614679071,120.47803562677895,120.32855569969962,120.8876672166684,20.366510888788532,892.6875435485434,187.45639130880457,117.16783553695473,109.4311845843675,86.29084942692172,85.55166161906176,77.53553458880751,118.4075439091112,176.8147073803992,108.66560496862685,89.70393021880861,90.85256032647388,85.9291776429796,72.83925968562119,65.58393960467265,14.539324261891139,152.7983843198176,83.44391930259194,69.45432273143219,85.11184214383138,106.55487161426635,92.36156806893128,90.69881787717836,101.38060545140186,68.03842601938901,112.55387353950006,77.99393284336779,114.4890229960643,85.05347756112151,107.30475250935389,117.03733248901375
R8:parametric:-0.5,15.864703132881186,15.345699161215236,21.97567182775225,13.663755157401365,14.674573029605705,16.007880974596244,15.904439128294689,16.684473495220935,17.19212210684416,15.132670123843363,1.4109001722525085,16.554835247674554,14.140410814236796,15.457562045355028,16.31064023796739,15.915883004426663,15.603500653435953,22.156611874623955,61.62504802663693,22.047285945420413,17.161225541181775,16.967622606422676,15.405584112748686,14.179471227173678,13.786522284085008,25.514631552912277,18.157801293592332,13.89555114189352,15.18528768902514,15.843465910090044,15.60865937066523,15.16513717399046,14.300693988383596,22.65641324276025,11.37377788036265,14.126904260024055,15.056580827579422,15.5400740061776,15.610845198602632,15.170209642609263,15.045364892421107,8.390909625376246,19.557173179149693,14.284798327470261,15.330123633862115,16.23365283070185,15.808698781436618,15.55774587744394,14.099284248510077,17.145468662253503,8.763121876629711,18.19514015845355,16.436718953687155,16.09608040745691,15.898238739580826,15.479887716243038,15.201954010000518,33.86407689778834,101.03862410148169,0.0,10.31193441140204,13.6815161366438,17.18992860759905,20.000969195645105,22.556427165708733,17.70297248636724,18.464514757363283,20.62332499244006,17.538157699789945,16.22346958995083,15.433046550112241,14.929872545774897,14.780447283976427,11.038867581735895,29.843031796354214,22.130949452367,18.92871841045143,17.30452077110851,14.338008397742124,13.589666991991397,10.33184861998176,27.880613485636346,22.20299442655877,16.01887870934725,15.844212232755938,15.909993361425053,15.677366876866454,15.090299601820915,14.0187213162879,6.501117400149097,22.826119076216983,14.321487205644276,14.887994071966665,15.378458928289394,15.564309701669117,15.251238558754403,14.475783014120394,15.867934232961641,15.0394908382491,16.17061510402672,15.563770081925197,16.42250185897989,16.864483983465476,16.238817433128254,22.047503755756697
R8:parametric:-0.25,7.387326164661324,9.547365566076206,18.63141397235198,9.611100365718928,5.955456817188022,7.387209390965494,7.572586066256065,8.502587318985524,9.24396922396163,15.146679461363412,1.2394336876623382,13.276835628532789,5.053078277056607,6.784706006698622,7.918688761840903,7.6737397571573664,7.700039587809256,18.820866761954548,67.54580575732524,16.1309457520539,9.586498947327076,8.859003795679659,6.584929932679812,5.132570140463781,6.759804130855985,25.994539480937046,15.610424958060646,10.788655080786205,6.582203517616189,7.373963923025931,7.0848842349912164,6.5873569822797435,5.612587082752388,23.028919070713524,7.403896061689979,9.6588054623173,6.476103666263853,7.081533798627861,7.146270149467582,6.514918469978954,6.170318287396919,7.083467081968777,20.06553886202253,7.930803135116642,6.5822575412729005,7.734592213380422,7.332494815743218,6.981765433286352,5.492359779770784,18.29956777296557,7.490333214520547,11.503853143118365,8.288740481050556,7.708126807021543,7.351459571550141,6.8408337446285925,6.385030023809719,34.51284657107977,106.61881137544852,10.31193441140204,0.0,4.601570774613048,9.286385026329233,13.196837957431589,17.08533945245123,14.476248021408981,16.559071780171735,14.139655720356718,9.742630090117146,7.981172711543985,6.7634606135136925,5.977097585978849,6.62423894417919,10.971652857676354,27.196810475785394,16.59920412399525,11.591807229847637,9.262181035549082,5.633325642505822,4.253772765015914,5.51021573513509,25.094322356324703,18.866578364278958,8.931514417626445,7.193187672380472,7.46404766119489,7.188100390024316,6.493330367145128,5.22756294894189,5.289330247926504,23.20365961368634,9.932092395981737,6.319893731264601,6.900237613609076,7.055004141189796,6.641803614487104,5.731282078646309,7.339898888835264,6.592074595520274,7.663410293079608,7.030708580427177,7.9388433143022095,8.778801412478382,7.833437731317431,22.508068698049847
R8:parametric:-0.1,2.5277976500123156,8.466406570605239,18.630235320846353,9.689211290893882,3.900145477783713,2.248239931314584,2.8764454356329336,3.578569695601381,4.353392507532291,15.102744091663935,1.6565838978547112,12.712020558847202,3.964000684999737,1.8908237646981747,2.918338355568011,3.4663604076421723,7.535358498821032,18.84597332837744,63.80535709408047,11.761584344337525,5.281041721981048,3.856547784370198,2.0482508307928358,3.4890044423156175,5.800539431086048,26.08242284767572,15.13007999784619,10.676435273719225,3.2602913851373514,2.5356486655029116,2.296693854998961,2.316705800615777,4.210889185332331,23.097962806725366,6.048734451455526,9.738731468190284,3.1746124293917815,2.4019042031969398,2.4276375146737887,2.216014498012615,4.318174883529917,6.727947869134136,19.890166700832435,7.05540398783887,2.951135672984686,2.625182437672834,2.5036140972654377,2.378960688089532,4.649704543678419,17.26063765022859,7.069096082276566,11.243343494694997,4.655123293322688,2.8410103575365087,2.3823195799572146,3.2828662597389084,5.8076796786286975,29.095028086140047,112.29149345416253,13.6815161366438,4.601570774613048,0.0,4.4734340863169075,7.84514875655166,11.612465873311201,13.977989813398137,15.888917205148857,9.391811317448001,4.866533959178586,3.2401389567187846,2.0150062118871097,3.261869887874975,5.656512490060952,11.07712200993944,28.088920969872515,13.089680038146184,6.234181615547407,4.103092802516413,1.1557695232712297,3.541921049627732,6.563928168668353,25.524267157046506,18.901968087467136,8.586428691892566,3.4108265925937307,2.6211440928620915,2.408481683735852,2.4849715965712216,4.708525683421051,4.953168690222702,23.273585715393054,9.963061582006995,2.8932703616642637,2.2679330909266313,2.3050769287046387,2.4278890887867246,3.8245716415782964,2.412689724353727,2.1233744941343877,2.5836658668738854,2.2528421220756893,2.7184612274610744,3.88735142238213,2.8585314847452254,22.071686223602136
R8:parametric:+0.1,2.0963304652937493,8.913510873831852,15.205386984027472,10.11005182801729,4.31554066487742,2.689910689025318,1.5595115748848034,2.3855170948018913,3.7939944763245097,15.13362301156118,2.1341414124335043,10.590250034942382,4.357368887018196,2.8038084081768053,1.8326684837842293,3.075781291238873,6.807829735194321,15.375285863029628,62.45974509616809,8.739160965356067,3.9402135189097356,1.8970243325088298,3.344945253827319,4.2221661922159,6.211331727634156,26.06843729902295,13.62863656432006,9.872146123525246,3.0080530385373794,2.0657553120370364,2.264415211358418,2.5024798492439886,3.2915922516294738,23.113045522213856,5.616588495899824,9.814756612509921,2.9285586711074765,2.040236782433036,2.0539231061181398,2.7612896631368375,3.527851997486067,6.236418530500683,20.71838421064442,6.370246295769248,3.0733407142456333,2.2586528481587567,2.089557874909399,2.4534738690727114,4.322404490574768,17.53302048727444,6.684653215987564,11.32272316380928,4.7087567367016,1.806430517721891,2.3657622561469407,3.3253979164545506,5.897636699035195,25.846534253869912,93.20755757463834,17.18992860759905,9.286385026329233,4.4734340863169075,0.0,3.0492955036456455,6.9760206993687035,11.764761528776104,15.287420510711467,8.291590851189403,3.6151852313507673,1.8997343885427722,2.791935373114326,3.8025780198419556,4.906510484985347,11.190872342798375,23.56624253774985,10.399234020547567,4.173018936314165,1.2458752602833298,3.132375951057985,5.2595618167680795,7.390874243642638,21.790108510817586,15.409047686246556,8.598657834445465,2.9461800901131774,1.9805733706250335,2.1378877748206695,2.5804047475190752,4.668203096629755,4.514144974223018,23.287370119698377,10.041687301736506,2.668482560236134,2.1313723778656986,2.2153887855156666,2.5948228000355127,3.444130476887259,2.2891550309103783,2.236655131167317,2.2708929384599537,2.2996449859892265,2.2788404846842303,3.023859359168034,1.8690384751924156,22.189584068036286
R8:parametric:+0.25,5.4721218913224305,9.204687113105546,16.23124687179368,10.275654240553155,6.2897072357686685,6.4865392559298405,4.692223159680465,4.359776472937636,4.1710579012000775,15.156687352296112,2.406572492772577,11.977438355710722,7.9177077136286735,6.314408320903914,5.331446162221133,4.230048170657113,7.124312962803996,16.674291224047703,65.3858143798113,9.341174498805165,4.591994438223462,4.200234563284956,7.123793889985377,7.735924566897319,10.604561066599498,26.034253928357742,13.536931065908833,10.199860084949888,5.832650399878363,5.413899082730461,5.5830434699504385,5.703468751862668,6.14997643456253,23.08127750873314,5.456126347145553,9.82434647758946,5.6949902513912685,5.214242051091754,5.27077261779008,6.08884706189123,7.181133276316502,6.063008390255704,20.917763339552224,9.244088973522237,6.652418500329406,5.951201084455422,5.430405346386932,5.839305777629386,5.846181210015149,17.95820847711673,6.470407097129708,11.508658330603232,4.8627290220478585,5.115401508797456,5.904633973670731,6.1410552609976365,6.955517852856227,27.602730691528347,116.99091214918539,20.000969195645105,13.196837957431589,7.84514875655166,3.0492955036456455,0.0,4.6174669810215265,13.337084716621217,14.966759974072346,8.89167107055512,4.188329063767709,4.360598819143542,6.281881168984911,7.536102526557994,9.20671838407011,11.248372650046903,24.944694187143885,10.404894110826964,3.7189251918607416,4.257383138298134,6.217869540643331,8.970445220580586,9.682652354146292,22.71660323687248,17.250166115285367,8.639269011384181,6.497799830457893,5.322512270612322,5.430926794944165,5.780067518686076,6.607348610256863,4.345167177742551,23.255476887449536,10.052756226408283,5.618327159965447,5.26682130688314,5.485940057462634,5.884239579718227,6.390150768653198,5.768201617192672,5.080502230995554,5.928840654994536,5.611398411223736,6.114773919469225,3.9170401965205994,5.343841306517769,22.3539998321922
R8:parametric:+0.5,9.528959931305566,9.520982046130456,20.143009169165744,12.625530825369978,10.02973496752378,10.993264937082438,8.507450222778724,8.47638374976474,7.396990526011564,15.182022587694636,2.7345396202631953,16.24184017967765,11.911844853576456,10.443450775671643,9.587731010474938,7.901734585773842,7.160224469920003,20.811604406105126,63.777004172169924,9.887148796459904,5.295109810329809,8.42539663586601,11.50758585114041,11.692034470072782,15.301607019777032,26.167055801153875,12.764433201142168,11.703906163175038,9.666553160289245,9.439489767827512,9.544029068097172,9.48725148990116,9.689222716394228,23.17610338028005,5.188976640376266,12.256143829345483,9.42608874454094,9.020858777103719,9.130097577698457,9.997184103113815,11.386808649229428,5.76221112016373,20.471590066339218,13.745786007774463,10.829228655912567,10.393605595498318,9.443338569038517,9.859856787860306,9.221268559603185,18.01583603730224,6.205565916245827,11.391584798131374,7.787356529386219,9.173036435943969,10.131695126693979,10.222891650726156,11.167615563249168,24.18055155050313,135.9924188605654,22.556427165708733,17.08533945245123,11.612465873311201,6.9760206993687035,4.6174669810215265,0.0,17.388374013265665,14.548330059992443,9.4447173434567,6.712859159624435,8.226391423248469,10.386883867201384,11.801145803796832,13.982488918599795,11.323737278970357,23.14828320827952,9.0923129502818,6.7556103434443155,8.722351570030458,9.791877855919385,13.032451010318175,12.737902471094273,21.16817830013494,21.55520585828222,9.987876693861612,10.909368385914187,9.352002837406285,9.376236552164338,9.552945383049693,10.16111935318735,4.071872923469643,23.352059365611524,13.286391729297607,9.251023259338904,9.01346572024702,9.392524313207671,9.766213117129611,10.072743673421831,9.929923733484467,8.619214532106735,10.324164984055246,9.559042348600235,10.742063729395712,7.975090307357825,9.56285634947507,22.401969039453913
R9:open,12.884423464523985,13.32399381717847,20.1373305053884,16.04139334547096,13.337920870296685,12.43845803125716,13.436117909386985,13.865685528123842,13.621513321532001,21.93905265496806,1.167936562431142,14.361732948619151,7.6793091921600345,10.795759031305973,11.94809620660116,11.272439820093174,14.625130734383628,20.1365482317319,68.57949453569691,16.955472564758843,14.155322370468099,14.022850926896009,12.395208174405443,10.970665454529284,12.580401958914171,26.704711356738688,6.50251715390401,17.708142613253035,9.066354658538273,13.390551352586705,12.486449328356157,10.68434856581621,10.976701858268058,25.160797746214,7.338692791829149,15.506830624213167,9.812513296476974,12.750816080248047,12.241719082529027,10.766924521884357,12.648640069940672,5.148912604113366,22.773895475272077,17.6029037451653,10.487525218407393,12.543233562975502,13.740587072563686,11.976817234127875,7.682612806639037,24.789950843857774,7.467694991303078,11.955695612428993,12.67443736403613,13.939716799844936,13.387972794687933,12.669708779940235,14.363905745069214,35.50439691499403,104.47558776763684,17.70297248636724,14.476248021408981,13.977989813398137,11.764761528776104,13.337084716621217,17.388374013265665,0.0,16.529043609926447,16.57646216746247,12.797822275973731,13.913002069733668,12.283126966753533,11.200647960506782,9.972439239433088,12.182040465508427,26.890885538336466,16.958056218296363,11.6753399017096,11.863586645660192,13.106322771055508,15.832590852403447,16.822875859692104,17.21644999788909,20.18118638406533,17.56385085082499,10.864475281915725,11.98548157212453,13.11767701479273,10.67900240174937,17.03299394275301,2.676064059917762,24.471206753793325,16.199028086856572,9.247114587189557,11.300574549865726,11.61992660699937,10.7270228877342,11.693108379583162,12.63053157762165,10.650911356165814,11.96217285041169,10.636217212085736,13.362894750782072,11.462903325943737,12.345392950524507,26.948282110485774
R9:short,15.560791081603343,13.62682691409619,16.960188372429865,15.948763590075766,15.694925193254612,15.631768484672262,15.488877231904942,15.4281376573841,15.318269347974526,15.72742953076184,11.061436584857969,16.303464397470677,15.860793329529805,15.651625413314227,15.527283566786714,15.442808710779548,15.402054688839156,16.935767591842392,5.689582874173455,14.102314543001764,15.052999708471337,15.403644407672228,15.715135000668619,15.844435837685175,16.05842903560574,16.29450899473519,13.560944872749012,15.873192460918517,15.626648327952704,15.556865220184092,15.583059778223507,15.616214068782263,15.703456257209773,16.301332987776252,11.980278877700561,15.881097256951172,15.621002521679427,15.553441481036558,15.555334962031308,15.649574517826167,15.74324660454468,11.378098477956929,16.33079430382507,15.937518551197087,15.685472084588227,15.579628915526678,15.559979434631678,15.607469091340791,15.684862873536781,15.996958299532217,6.924050864292829,15.133448196126542,15.397805680036399,15.51919806032265,15.594452266015923,15.636521142172487,15.716346000262101,12.513592685803971,23.09090449162031,18.464514757363283,16.559071780171735,15.888917205148857,15.287420510711467,14.966759974072346,14.548330059992443,16.529043609926447,0.0,14.596403278344187,15.246304370201527,15.445045380784542,15.650477541160658,15.776630196547174,15.89370922939691,11.523658808733925,13.938677814319414,14.759574197615372,15.164538506880511,15.396314096010665,15.707669627999072,15.978072709470839,16.318747327883276,13.80758546600118,16.951578918375347,15.575606421345407,15.642507297799279,15.545794249663253,15.566428885290774,15.626961351548347,15.761978504993138,13.25749007906985,16.30558183147621,15.912604591259448,15.622408974186172,15.56577266110171,15.576795062119874,15.62764220041131,15.715298032676912,15.58516602754034,15.562928569984916,15.581425538391999,15.587777825363544,15.580891158317783,15.381265933215937,15.531776996833036,14.596647771533961
R9:parametric:-0.5,7.985660343399271,6.816963997067688,18.421837377414615,12.614501512831218,10.163033646379317,8.780179895726429,7.321196263139432,6.5731119349597655,8.049609041000593,14.90191907305813,2.6652757552016735,15.787777583343853,9.847557214220053,8.33871619009476,7.32682335908257,6.799837124184126,6.6160351186706485,18.508869361625763,57.85159899131141,9.123959293730708,7.75966697029664,7.512956878910011,8.986004982380235,9.882359674705919,11.787466564541571,24.08400380060361,17.960880691678156,9.973361488463436,7.63194263932812,7.800577526087748,8.485310578009464,8.932257373517972,10.385628707734266,21.62273411284309,8.88240383155047,10.342627895844752,7.491505385613809,7.658280398079794,8.411560700259718,8.846452119090443,10.391611372426457,9.783933561276568,18.856642163835428,12.209746527236865,9.432647468690172,8.450913053023864,7.924812701343774,7.670121481116853,7.548393393715755,10.627789191215985,6.252445668688462,15.318414170001668,10.22452988201981,8.271897123624209,8.0161651721487,8.258708409970742,8.659117919086203,19.271116963402665,89.02109469359644,20.62332499244006,14.139655720356718,9.391811317448001,8.291590851189403,8.89167107055512,9.4447173434567,16.57646216746247,14.596403278344187,0.0,4.970585820238044,6.968889816405764,8.942754445412511,9.772697390602138,11.366975942091928,10.069159692500822,23.149828146657047,15.624953851678153,11.563479128791766,9.51800378974614,7.922473817332532,10.398613996123204,10.973349212061855,22.55006560761645,18.520204087466215,12.876581889496277,8.961358445979258,8.411169319069916,7.721335151066697,7.574425940618007,8.265219697222797,7.9049754648126065,21.773679871500097,10.32996759875446,7.403510059386654,7.24992078179429,8.155300139115653,9.03458179346013,9.930468921797178,7.979017370875436,6.905699098656261,7.940451615919959,7.658220018649501,8.036925522850584,6.020609272886581,8.18341601528482,21.1928180506856
R9:parametric:-0.25,3.200400643039312,6.7980345039235015,14.871069717578603,8.674542920821457,5.411118146089005,4.009325399337061,3.3102376613772733,3.778497416682141,5.586164345325327,14.97643275013755,2.1692435714575984,11.91016230771806,5.562971681115326,3.774557638388632,2.694037501468965,2.3070557086050156,4.68946431225722,14.861581836157347,62.81515817631205,7.828950082980051,4.424261702872394,3.717717107729828,4.2130451698596385,5.253451668358292,6.87699512912787,25.165797668452505,14.694019434412562,9.312739652917738,3.083403628885255,2.969303249056945,3.720457185164346,4.3428791907750774,5.7792974426348565,22.450554268476044,6.855187116964615,9.270519546209492,3.0160507229069373,2.90521931280898,3.675910319256118,4.261378335853296,5.858271536588325,7.5714916786865185,19.46285928015786,7.777181313762776,4.838978273868159,3.681520633842096,3.0520179768277345,3.0080457017469455,4.943767951794968,14.43480024301598,6.6570762889359925,13.407038579720524,7.297134448780414,4.648809779628686,3.1761674825261936,3.4840809884354766,3.7347722021754395,26.01099485144902,88.46837076734307,17.538157699789945,9.742630090117146,4.866533959178586,3.6151852313507673,4.188329063767709,6.712859159624435,12.797822275973731,15.246304370201527,4.970585820238044,0.0,2.1221662636120042,4.182118856737759,5.093891800636676,6.776974046615373,10.744300756272976,20.284636588068818,11.547819702007141,7.042768998490491,4.782401427666951,3.9040378579107773,5.686921698707116,7.1516013789149016,19.571911460766966,14.868422119538819,9.476641312911644,4.711646201710277,3.7035116215409727,2.9234865731756363,3.0936600770231557,4.02338513791465,5.812107874673581,22.613636120952645,9.469880287911048,3.014495386698127,2.7093222220552007,3.503938047030896,4.434624555715022,5.478052631854556,3.2897215467715015,2.5771159288046293,3.262224921075261,3.1707531890720473,3.198717055893854,3.950860563879336,3.447519345087005,21.279004195682344
R9:parametric:-0.1,1.3390189903896668,8.170051913829186,17.920996329556967,9.610810452915992,4.182510624595563,2.3484740795284202,1.7066735546412235,2.433419500801745,4.272041982518694,15.061704199740014,2.0082645706395708,12.718428288442167,4.377998974171665,2.1414956068441446,1.0818979917070262,2.5227279377542886,6.0460885269299425,18.106465862549825,62.67921684214351,9.030698693333015,2.7363953994293624,1.7412246552888446,2.6056228847806424,3.969108227576008,6.1680859498157306,25.809218412682966,15.199018888852102,9.687269736014795,3.0450558929518046,1.0304123142832098,1.989648745721711,2.8249695004464366,4.659863550107629,22.914320653713602,6.214954578634267,9.634177309744823,2.964364018254475,0.9995452089999252,1.947482744537277,2.7259412790924435,4.753824897556754,6.907133221543643,20.179265496952308,7.351176876466007,3.4425806284210227,1.93927992625636,1.1068145532673894,2.2087911307575787,4.620217146219119,14.42341911639129,6.785763646248688,11.485165278371225,5.2579127882421055,2.7154272140188347,1.2787587963272016,2.0862155501597908,4.365441544766244,26.61325858299281,88.35848614679071,16.22346958995083,7.981172711543985,3.2401389567187846,1.8997343885427722,4.360598819143542,8.226391423248469,13.913002069733668,15.445045380784542,6.968889816405764,2.1221662636120042,0.0,2.570345673723564,3.758823608329286,6.032663201809124,11.017346892494364,26.44788583193489,12.919218392878294,6.364982585857869,3.3467837043863793,1.956516114109988,3.952012312401947,5.903821622101973,24.411826357650394,18.149712325221945,8.84782189929571,3.3633254053921413,1.9938852109218648,1.6592655746295066,2.5673057653474216,4.70206895238338,5.127906720792063,23.08581401288092,9.853635015672031,2.700255755659509,1.1203473362298335,1.776236998893888,2.9354263443371753,4.262713026330897,1.3807026510142457,1.6713204963850754,1.471110251822349,1.9586531452282587,1.3075309794409238,3.1819548545907907,1.6668323037759254,21.453562666616858
R9:parametric:+0.1,1.2080512594125843,9.204098197842013,17.423488887929516,10.172180717623446,4.513543642905427,2.5362982082330645,2.058935859203495,3.053639149021276,4.171191568156968,15.359312192766238,1.8566583758533062,10.988106219178047,2.76945575645934,0.9518686364232697,2.2638010347448527,4.070482540702787,8.304376416893174,17.406028242887533,65.18931955301827,10.641347387461519,4.601867625114151,2.574545000212665,1.6759237524292805,2.967549351865188,4.417128556070301,26.22182721701001,13.864904449763054,11.51330434817253,3.042327561965773,1.5679987853084711,1.4104413618491891,2.456161231819489,3.8073109477102514,23.2016373153528,5.500433977642701,10.088262330014484,2.9604468914837234,1.4877426038442496,1.544398865088426,2.6269229481502285,4.553500597155762,6.116583841339725,20.30624784670333,6.3793301578967165,3.1341899443487145,1.4967492716194366,1.5579614588187571,2.1957204541405897,4.3768614055456325,19.74993091057263,6.910869520028328,11.04691106178592,4.168426379584896,1.4538690685435711,2.544300944102834,4.455246525353031,7.308888603641603,29.649268485551403,120.47803562677895,15.433046550112241,6.7634606135136925,2.0150062118871097,2.791935373114326,6.281881168984911,10.386883867201384,12.283126966753533,15.650477541160658,8.942754445412511,4.182118856737759,2.570345673723564,0.0,1.3894455737266473,3.567567202572521,11.242026941697256,26.797711104869798,11.099631698267679,4.525106448746434,2.2751015987506613,2.9075346935538797,5.379337573512239,8.131795724204094,24.100924945002582,17.405975347790758,9.286703048292658,4.115812777985621,1.8140985332131265,1.5538509656856943,2.6183290601063187,4.814333035448579,4.388032344817288,23.378916607190234,10.524423352657607,2.692610259611986,1.4642418917087066,1.4607397371702064,2.6291346147953987,4.1578820075313745,1.2198240536361236,2.697767319564881,1.0245879241853164,2.013782318442653,1.3152762759009538,3.5147318101559124,1.003132045237835,23.226621795483982
R9:parametric:+0.25,2.415596089732242,9.642783007779077,15.769299902234046,10.768413542158589,5.0577981323602685,3.289109469813017,3.2453454934395354,4.19116084525836,5.172837950542712,15.443967429749563,1.7633473758734342,9.891238276022346,3.385070794739262,1.3056972592469613,3.395598359983811,4.895579530514281,9.214834206061717,15.832096908862045,66.7463137969116,11.665374824068952,5.618008176194684,3.7741796273370536,2.2900575443633553,3.383970267445344,4.536351472655003,26.101883951393066,13.078760932865658,12.42210777937695,3.5453872247640086,2.794870975638753,2.5770794785116977,3.464495499713968,4.819346752770781,23.142833742203944,5.715209515380136,10.866745354795503,3.4257179209427107,2.6559931545846607,2.7166931083040367,3.7766785386401662,5.714619935954736,5.750113851493392,21.885420322482542,7.286609383556478,4.156405673508249,2.6713965117563756,2.821815370274716,2.5985277557274626,5.589883685946284,17.587758375676053,6.987787368071318,9.70011554970041,3.0094763167411864,2.736834137854256,3.031861104400509,4.669934576179782,7.044998009956669,31.63145380034507,120.32855569969962,14.929872545774897,5.977097585978849,3.261869887874975,3.8025780198419556,7.536102526557994,11.801145803796832,11.200647960506782,15.776630196547174,9.772697390602138,5.093891800636676,3.758823608329286,1.3894455737266473,0.0,2.246691694924139,11.33998180301213,25.871891579953548,10.9336233551589,5.734283568847499,3.3687776932405087,3.978678194245346,6.500473159111986,9.077117496001271,23.123941273310884,15.886001286005241,10.525407752797932,5.066463066731507,2.901186160956796,2.7538698303610736,3.5509220201677136,7.094672032010011,4.049917844057619,23.317338502412213,11.344888900862726,3.0374608901948967,2.3676097695310347,2.713009672162868,3.7276089364901313,5.228437259955698,2.317523811077315,3.530084551091553,2.3373894637613017,2.732981566331608,2.562179855219503,4.351025056017419,2.0188362153053774,22.465686986143744
R9:parametric:+0.5,4.677392519586601,10.416273462041744,15.715262194890137,11.923898898189288,6.534179525207013,5.011730728935975,5.493088465646001,6.359746387640066,7.057546539608758,15.873932852436635,1.685617043776978,8.545099605601854,3.1352034768260504,3.1945929574664054,4.5786978102708815,5.69698539460324,10.108433705993775,15.728476485697275,70.11967635534465,13.029352502371466,7.548375184869873,6.075666021804557,4.057255547498608,5.523148699136172,7.105327721750034,26.285638602850952,12.11900593903975,13.318909935905431,3.3311257739915128,5.119659424868176,4.058056962453979,4.446564981305507,5.8079448203132555,23.279005558824398,5.96138062278284,11.62900293069603,3.297878190631056,4.8366208524733025,3.9741884907496403,4.9024607403471165,6.857110341395757,5.18001986652899,22.2260064375065,8.574864841222553,5.153894607295313,4.1182420638851305,5.237575862584816,4.362821955289212,5.34441671890271,21.541002317689436,7.054348456073085,9.29658467667775,4.7129198499214,5.083545549686717,4.95529098685238,6.714337359333212,9.590276902163266,35.90460421676723,120.8876672166684,14.780447283976427,6.62423894417919,5.656512490060952,4.906510484985347,9.20671838407011,13.982488918599795,9.972439239433088,15.89370922939691,11.366975942091928,6.776974046615373,6.032663201809124,3.567567202572521,2.246691694924139,0.0,11.50179987616372,27.855031577251165,13.416347977343413,7.2423397483213074,4.577533320796229,5.985293130184867,8.708977569268002,10.92708087071885,23.76325316307458,15.739470994806528,11.761257862859305,5.993691086069572,3.961240372527306,5.012919007894817,3.7806786916998267,7.415663629063712,3.515703435493995,23.45572003583154,12.150167675774595,2.9987412569364125,4.236225789043026,3.9403227035482735,4.801186631919448,6.277203169446403,4.531132433035445,5.011808945625687,4.162828066106709,3.572005684708426,4.924337076440831,5.857812934151279,4.209551394214928,24.389104050659316
R10:open,11.138640045779741,8.919082295688018,12.237477318691358,11.63207911693409,11.358519552544328,11.22374895255945,11.061834594619949,10.960014814752721,10.79574011463699,11.705618004616781,5.908079229073108,12.089196008474085,11.447156674636693,11.217606563556096,11.090612808772917,11.049743061770801,11.07768816432157,12.244055686275601,14.687489519785649,9.998806661670665,10.757641773045862,11.0196011220035,11.24386610483608,11.362036906281688,11.512396291608868,12.011501485661931,12.70978229994142,11.612636449718497,11.150549074565046,11.11118438251617,11.194801466508453,11.276239543072753,11.41412551779185,12.00877626504628,12.364284314782276,11.6059182086834,11.141417414414445,11.10847652412648,11.192550914236424,11.268138808081739,11.433762082628922,12.45104069055414,12.005064601726712,11.616378607773084,11.326503193635734,11.190403734086,11.117611089227001,11.125013482996978,11.230124474112651,11.160339522922214,5.341849002256365,11.076464776427827,11.120794341233877,11.14845516029691,11.132626618191475,11.16941718304305,11.153662742421595,11.662131295883833,20.366510888788532,11.038867581735895,10.971652857676354,11.07712200993944,11.190872342798375,11.248372650046903,11.323737278970357,12.182040465508427,11.523658808733925,10.069159692500822,10.744300756272976,11.017346892494364,11.242026941697256,11.33998180301213,11.50179987616372,0.0,12.749114683657034,11.952999837035039,11.538167173214285,11.303188125776853,10.953141734507904,10.731873468088484,10.309348276488246,12.752343733321888,12.243200173704778,11.812528855512829,11.357852370246885,11.19774401370448,11.108068237474685,11.132889282566815,11.277184400074692,12.045867915195387,12.007259853889526,11.602315812572886,11.151090756646937,11.096762408726986,11.180769212855841,11.284613007480026,11.410681543029263,11.142764073832597,10.874419146292935,11.15232969151267,11.15451930715909,11.135108804730502,10.775935213400691,11.168387450635239,11.646405542911324
R10:short,25.965776073613984,16.148518770174533,29.29018213045822,28.45260129392656,30.498022166811065,26.799932798023594,25.93852692483912,25.22185183888645,22.454972088295154,25.50273071350654,3.2283728376212704,26.535012015605375,20.834065728808255,21.18843420869321,22.190164541370862,19.923860482662516,17.02862635647101,31.35031805620147,65.58628254863207,23.46585509724363,23.23663628980218,26.83375385028122,27.31040119993409,24.410365435489485,27.61740840977385,34.101797279665696,3.136330228725607,20.442498046351247,17.848161291789058,26.97253510768165,26.096195362753562,22.065433604957125,24.795786374962915,33.09868973519907,1.6700776061623457,21.49582978894642,17.58457406458645,24.831537495913064,25.175348636929428,21.902299828087195,22.3567819630732,0.9040802533881861,33.35531016039386,24.918308185714363,22.665363756038612,26.174403924336612,28.39607826971029,22.863943357530243,15.920448743916852,22.930893088769423,6.1592522799411755,21.986552955884676,24.86329717815636,30.208858164195146,27.553567699741944,26.03763088453715,25.106247590836865,24.396878845027537,892.6875435485434,29.843031796354214,27.196810475785394,28.088920969872515,23.56624253774985,24.944694187143885,23.14828320827952,26.890885538336466,13.938677814319414,23.149828146657047,20.284636588068818,26.44788583193489,26.797711104869798,25.871891579953548,27.855031577251165,12.749114683657034,0.0,26.74234285211377,25.139351411473296,27.303111338373213,23.12709369460614,26.840606408740573,24.901006317162814,0.29315007148172856,33.31829746257298,23.13045091341221,21.45495456523508,24.443021381264206,25.984147249194386,19.541137023295455,17.458910785356945,2.1533811124250652,38.39959302510631,23.96000735703467,16.735512031199328,20.59936882690322,22.901416943104792,22.402816799595044,19.70014457665338,25.228066911757438,17.05523492137324,23.35030156821441,19.731147243571915,27.534844030605573,17.94360600753179,24.91270365840784,21.731135545726012
R10:parametric:-0.5,11.74924707327439,12.501730902278863,19.863915502818845,11.81785321815004,10.886895323157797,11.278789658009858,12.365414489099187,12.804761335648529,12.45021132485807,15.189121855118309,2.5843263634949727,15.771725957362543,11.044758422189373,9.444405129511557,10.588197654882475,9.837321768501294,12.304540327240653,20.649077953580772,68.34618138990851,16.02784600709327,13.046398407900094,13.06206499142704,11.252110046738936,10.806093658628807,14.85607114317181,26.028484047626744,8.244127102548797,15.68070789182251,8.617248649644504,12.367938232095314,11.303295971391499,9.13525874662003,8.676599159089914,23.052108559520562,3.4789181376769,13.450741877704937,8.368350641169434,11.552795276045817,10.988559947050753,9.143057305237628,10.477264199860805,3.4751131959245893,23.271584819093516,13.09699666354049,9.866138399269156,11.37141115693456,12.844119082193922,10.628460504387636,8.198624642071657,17.880330178952462,6.331217099479465,15.391072002657936,11.468061450041528,13.189998508955455,12.397283216540831,11.50945188294017,11.29468879499996,31.116271756415692,187.45639130880457,22.130949452367,16.59920412399525,13.089680038146184,10.399234020547567,10.404894110826964,9.0923129502818,16.958056218296363,14.759574197615372,15.624953851678153,11.547819702007141,12.919218392878294,11.099631698267679,10.9336233551589,13.416347977343413,11.952999837035039,26.74234285211377,0.0,7.258019503861415,10.631819075696935,11.897064387907578,15.010515003618103,15.931828794428814,19.68967923875317,21.50930459590343,15.49198007165761,9.957362724186174,10.672752666483872,12.012312016535235,9.165643677307104,9.178460986182408,1.9444310694651472,24.062365620259456,14.133805970795605,8.192247600110598,9.856652431573611,10.222498584735268,9.18543710026629,9.070562391383675,11.432089312562297,9.265471548978246,10.620197621446358,9.110541979467893,12.367988586795963,10.139173470186309,11.097646303019518,21.617092190294773
R10:parametric:-0.25,5.050396846974848,10.553044628623386,14.644707491128111,10.433808869717044,5.2727362931388875,4.5818023640487056,5.839112110439602,6.675257760033986,7.335658142957759,15.152200440819774,2.253898429341623,10.226522917339874,6.221456653178196,4.54888394253751,4.923533857264388,5.251664334268177,9.570066263825753,15.013956702706887,66.66208527594634,11.998937321695076,7.820222679986789,6.40878672338263,5.272879046580952,6.052048814878678,8.686096154468618,26.094920316422204,11.58721416199685,12.753245421959651,4.17515283951681,5.484314750844728,4.453739191626905,4.064155772040558,5.247314561674413,23.10669031660246,4.5174128325478575,11.17022307897968,4.076241422591547,5.196003683621299,4.365671575501211,4.405271846911444,6.185650829876343,5.019977578284783,21.722437202804336,7.77886907093351,4.872885924470593,4.512340312412768,5.606324616195163,4.720945502286049,5.954026039792522,17.981772184599336,6.594371692417579,13.458764284168186,7.057851386493407,5.466770672042275,5.3290615864998765,4.727553524641521,5.166389436835366,29.750833303157215,117.16783553695473,18.92871841045143,11.591807229847637,6.234181615547407,4.173018936314165,3.7189251918607416,6.7556103434443155,11.6753399017096,15.164538506880511,11.563479128791766,7.042768998490491,6.364982585857869,4.525106448746434,5.734283568847499,7.2423397483213074,11.538167173214285,25.139351411473296,7.258019503861415,0.0,3.284365005447755,6.296778184546508,8.971125808843226,11.13856261259732,21.863812537599316,15.538567187362826,10.957147059903532,5.469202301894086,4.216684164312224,5.374779958572187,4.145831294941279,6.051825321133301,3.3734639717613506,23.282486969005806,11.658360929408083,4.037580940355626,4.575034774841538,4.182710615782602,4.208616852641618,5.673551113352413,4.903695811211566,5.283201249378296,4.532040232094134,3.9214663282052338,5.29906897801435,6.11938997565624,4.5906493320201935,21.962774274600843
R10:parametric:-0.1,1.9758581502159573,9.492523356277925,16.67932692421987,10.234674347107028,4.348610536348198,2.2115262855697604,2.8260900497804857,3.801177499993874,4.835322846427,15.128788561159393,2.06655857150674,10.52962316064034,3.9751993983052025,2.2866654763732104,2.4209750733788304,4.161181845128053,8.26249535450628,16.91895964484291,66.31749056031715,9.96979666135843,5.280941715264019,3.358871768155394,2.865777638436352,3.8297563710066265,6.007763428899655,25.952666712229796,13.518382138985606,11.379207305731745,3.455221061146675,2.3548563751471128,1.711995320247726,2.60043464454117,3.899130750856002,23.018944621252263,5.3071102265153165,10.042742968245483,3.3553014408204067,2.2337119459343024,1.740115481316813,2.7666612791540257,4.59812639310186,5.9027494305706405,21.387878536636443,6.42115757366065,3.2519678678219313,1.6951625357323843,2.369782461476979,2.45222883011116,5.099343273351818,17.92319915189266,6.744147010124772,12.221041153861393,5.650507589625679,2.7150084641615826,2.1417181551882574,2.6703954297202146,5.412792785441213,30.050100082770406,109.4311845843675,17.30452077110851,9.262181035549082,4.103092802516413,1.2458752602833298,4.257383138298134,8.722351570030458,11.863586645660192,15.396314096010665,9.51800378974614,4.782401427666951,3.3467837043863793,2.2751015987506613,3.3687776932405087,4.577533320796229,11.303188125776853,27.303111338373213,10.631819075696935,3.284365005447755,0.0,3.6065413482990305,6.144924527478919,8.79031071990346,24.257532206575302,16.981331441396737,9.073886405691049,4.199959988955668,1.9899426962089688,2.3222849747760845,2.8536432069031354,5.527130701074963,4.187418871003179,23.192244386747,10.454046980345712,3.0279406571818765,1.9884394007435897,1.6676691851834156,2.7684152864449674,4.231210305142972,1.8827654315374707,3.2311002615211226,1.6880034988288757,2.1654661664694914,2.1113065075143616,4.056991557456554,1.5741694043739598,22.201382204491008
R10:parametric:+0.1,1.7844988427815407,7.814387722404235,16.033411077214023,9.762414075401285,4.343814581067501,2.706738655079885,1.6158048458351917,2.3526439087412405,4.170352016649836,15.328590083594719,1.7889453849588952,12.043614557382444,4.571054058351288,2.503983056670776,1.6789266094255695,2.6128918284726135,6.028926325740476,16.17355777934404,61.52665780524514,10.364183134269865,4.06898274214137,2.479888737373709,2.9397405205666294,4.171318164714331,6.105559539930518,26.143224278455435,14.77194836078987,9.893445127753667,2.6893271224456288,1.506598052871778,2.379448442278074,3.1355501997864734,4.7887523940616274,23.156948250446582,6.343591000694415,9.835867892495525,2.6168006657302216,1.4661454638267093,2.338476510806752,3.0445507984949685,4.8848166465722755,7.0348324693204445,19.993420946094353,7.175616502861745,3.6990548188518035,2.333769795813626,1.5831852223950655,2.1294766678687216,4.435281491845777,18.93866691723722,6.959451164707979,10.878258768901313,4.072398818215901,1.931586648765976,2.4372065436873718,4.279519886520864,6.991833975711566,26.559663533771793,86.29084942692172,14.338008397742124,5.633325642505822,1.1557695232712297,3.132375951057985,6.217869540643331,9.791877855919385,13.106322771055508,15.707669627999072,7.922473817332532,3.9040378579107773,1.956516114109988,2.9075346935538797,3.978678194245346,5.985293130184867,10.953141734507904,23.12709369460614,11.897064387907578,6.296778184546508,3.6065413482990305,0.0,2.10409678339219,5.120660132047176,21.830462214842875,16.19854743603865,8.37395545142833,3.628953650208131,2.37877421129225,1.468623193352276,2.6425854175795696,4.650889699539761,5.2691466791688315,23.33268417551746,10.0629656761408,2.38082579170667,1.4157619701018938,2.173080059424483,3.236872047519254,4.452733337628305,1.8193303276862354,1.754066093317176,1.8933564139621561,2.0743225187789465,1.7625044288939649,3.1403053768890308,2.0806232155767233,22.9166907870026
R10:parametric:+0.25,4.1446239316187965,7.442451945764825,19.429784519127956,10.51278517531113,7.017167018441207,5.16385043805451,3.562734875189136,4.344718062848878,5.194302338921573,15.413910376657483,1.5989418764576089,14.732191654945266,6.727148698238915,4.72458874092163,3.6661300758277737,3.7568117981897027,4.917745830169557,19.58896983580693,66.29277770415109,12.742112876917837,5.986254165831048,4.654162150571404,5.429986802301798,6.659134116216467,8.83194487518785,25.887055448051633,16.82280227738695,9.917936746395512,3.625511209982996,3.8812851728350326,4.788796918610624,5.4488839096714425,7.337372104329393,22.984635619024587,7.115352567729959,9.861153266690073,3.664913353038765,3.7594496418925,4.712002264386582,5.3432098344387375,7.354608753224915,7.900754195652894,19.83958875050794,9.872644247377476,6.083824910118693,4.7423910080690055,4.00970769623526,3.8394993116803833,4.2405645984076115,16.230434070198648,7.118954255382869,9.089080217161642,4.28572316517813,4.434921063590887,4.147089001931501,4.50633455828398,6.6361658785693445,31.727478587563237,85.55166161906176,13.589666991991397,4.253772765015914,3.541921049627732,5.2595618167680795,8.970445220580586,13.032451010318175,15.832590852403447,15.978072709470839,10.398613996123204,5.686921698707116,3.952012312401947,5.379337573512239,6.500473159111986,8.708977569268002,10.731873468088484,26.840606408740573,15.010515003618103,8.971125808843226,6.144924527478919,2.10409678339219,0.0,3.3342578172241026,25.232892070865706,19.624356614976598,10.635837738741234,5.665352588160786,4.727954211516013,3.805664265772448,3.7208396021232657,4.8427708380042835,6.059096582992831,23.156504153073197,10.086163271279357,3.663588296657306,3.4243230123599475,4.443292733602407,5.5729491642241635,6.772132934723286,4.155037020491894,2.736060881817742,4.160065758732726,3.9517206292289244,4.174542764378472,4.6620865648142225,4.4245418537582,21.768513276552927
R10:parametric:+0.5,7.046241068504259,8.469134912902309,19.28193393227772,12.387118270683223,9.543658272838432,7.946727374759723,6.299468471889056,6.075067943977344,6.721034979686244,15.626499663301113,1.547163720069883,15.917448574818973,9.120446411427087,7.443795554675988,6.316399799481341,5.748988256207891,5.587889461374743,19.392336478373004,59.25728779903201,13.027520746826438,7.381235602101554,6.329260425842642,8.182162047867218,9.19674228135769,11.027402718563005,25.33357074691864,17.98372314764847,10.03173093550514,6.208564013648522,6.837019358493909,7.61101329302615,8.110383589323364,9.775578562697937,22.58754403136234,8.311147674717674,9.974489017188933,6.329397830023197,6.679222964976046,7.526786620861263,8.013475195176827,9.769071935718754,9.191169856231934,19.571737389980544,11.87873660689748,8.67775514440903,7.5721173511043345,6.976943914948428,6.695839224827196,6.51047414249434,15.24538304724181,7.366045003255288,7.906765102469173,6.800555421514694,7.371935538593154,7.0804493892849365,7.354514619490132,7.137725872816761,26.804844858380818,77.53553458880751,10.33184861998176,5.51021573513509,6.563928168668353,7.390874243642638,9.682652354146292,12.737902471094273,16.822875859692104,16.318747327883276,10.973349212061855,7.1516013789149016,5.903821622101973,8.131795724204094,9.077117496001271,10.92708087071885,10.309348276488246,24.901006317162814,15.931828794428814,11.13856261259732,8.79031071990346,5.120660132047176,3.3342578172241026,0.0,24.001940763857416,19.41106802283293,12.520926780918858,8.13511787408912,7.5258543335162615,6.748570231259046,6.470147790331952,7.37064802971803,7.3039458193839835,22.75209936447053,10.199189942270626,6.267491848033794,6.238190108604754,7.238029826695006,8.226496771825175,9.229602992326722,7.039043816279049,4.682711104523189,6.997119567604822,6.691525532266165,7.103947215910901,6.327355215279979,7.269269217059999,21.23291656561003
C1:open,23.765160517667756,16.06135950404498,19.483241480332445,23.332212264157125,26.13671002230247,24.158015391627096,23.91914710329043,23.544865203494943,21.440179250797215,21.201070646018113,3.2370792457624504,16.57408135964049,15.537681989946154,19.83608210762966,20.85637423956235,18.994239981463018,15.684884312524822,19.785748384762517,48.10372844918504,22.87224360224199,22.154663668825513,24.707847633258986,24.463860107086404,22.003417790568985,23.561537583340094,21.128592252707502,3.0753089401527687,18.86763222488931,15.477478462864529,24.597173270744666,23.72070594958357,20.434335079322576,22.1128843455695,20.931745694945253,1.5515501136732632,16.35715121302254,16.87164080655073,22.95422656074364,23.031801318627025,20.32108680462139,20.287278748896284,0.9017912732382005,21.058458615379113,20.519593411230446,20.792614110958127,23.790899109517397,25.637930625078447,21.352776247523856,13.192112461615395,19.03781226857676,6.158583409707242,20.708259455525337,22.953475946807785,26.8341694253447,24.974515136121525,23.743128814895005,23.07037574582721,16.82134861401633,118.4075439091112,27.880613485636346,25.094322356324703,25.524267157046506,21.790108510817586,22.71660323687248,21.16817830013494,17.21644999788909,13.80758546600118,22.55006560761645,19.571911460766966,24.411826357650394,24.100924945002582,23.123941273310884,23.76325316307458,12.752343733321888,0.29315007148172856,19.68967923875317,21.863812537599316,24.257532206575302,21.830462214842875,25.232892070865706,24.001940763857416,0.0,20.188580332220493,19.51340658746886,15.250116704735703,22.45816876596427,23.85153378533533,18.575356493554892,15.408865044685609,2.15521685434418,22.116036024317552,17.141409999221164,15.83272193110553,19.517859690221115,21.283172862073055,20.6823261740832,18.29606363207461,23.1891791825181,16.575140043860657,21.694881186654765,18.711809385354925,24.953739594397476,17.436982657819563,22.887479174584637,16.753841538321968
C1:short,17.208526465602425,13.85999908591889,0.2812609998004211,27.483013798939382,23.38630396125765,17.294577479077603,17.595596738941556,17.595061733655935,16.282979551869136,16.50108270527073,0.8469425018368544,23.383987864675433,9.720886520701427,13.768864521643765,15.001796619055218,13.64998829190119,18.087744628125915,0.4201010683562299,72.09592489110997,19.374405521685382,16.963846465670077,18.392546010460403,17.398209826339052,14.885460872246327,16.854001360826746,25.83704844513557,7.711525994114767,21.481190393942796,10.665748341594817,17.999838857837336,16.96812315360921,14.014278103942104,14.727862838553355,22.827195926239543,8.246246733479865,18.199112811300534,11.742916546709765,16.64250905656785,16.409241625729585,15.585476408040764,17.935888746264023,5.821653368878748,22.65138194701505,22.219037293527634,14.12183565871973,17.042716996404693,18.862243065641323,15.287393745653945,14.07505926698997,14.63574127766588,7.729878256567967,18.85067820874294,16.600166730828303,19.79139033237867,18.244320806570986,17.08030013445001,17.012823979869477,40.29614596938309,176.8147073803992,22.20299442655877,18.866578364278958,18.901968087467136,15.409047686246556,17.250166115285367,21.55520585828222,20.18118638406533,16.951578918375347,18.520204087466215,14.868422119538819,18.149712325221945,17.405975347790758,15.886001286005241,15.739470994806528,12.243200173704778,33.31829746257298,21.50930459590343,15.538567187362826,16.981331441396737,16.19854743603865,19.624356614976598,19.41106802283293,20.188580332220493,0.0,24.68964084021402,14.158936399853012,15.92269046529339,17.385949062093538,13.074696567814112,10.245032920411552,3.4310133432148304,23.551141858430114,19.207051796310676,10.930519825679326,13.92174596306029,16.129409427344147,14.740042184899064,15.984023364715648,16.717890134419697,12.18779848362243,16.859023360015435,13.111838232932953,18.217985700692854,13.078504074327382,16.37938838624953,22.062266862261325
C1:parametric:-0.5,8.597746497642458,11.542135726322622,24.703097772394365,11.87124613837412,8.673484367499741,8.719304033525363,8.301558804650162,8.6721237130302,9.976262621035946,26.18430262058204,1.9197138624362704,5.8810897516940255,7.860594663350721,8.438551123984858,8.81887316291541,8.540454304756839,14.298442719736556,24.6897242385251,65.73355225509503,13.276383323114626,9.587691357548993,8.485500169473232,9.379909509787066,10.445860416722311,13.255438237740343,23.27385038216202,9.960266636797538,8.24223489476948,8.394420989806868,8.693070868690787,8.516713890482146,8.614009866632058,12.598442051175194,23.33419115244321,5.281015131600714,8.24798777486114,8.55742245816759,8.620569442103466,8.60103724773664,9.0055014408586,13.81709302196654,3.8210766604180115,23.341020816693728,21.74582369415172,9.868204484722524,8.434735376362195,8.61151455337886,8.798653820806585,6.389853702883335,13.477645727076046,6.861087318172124,7.1954069147627875,7.352052919544492,8.001646466849865,9.058488505579518,9.572826390873756,10.261566318450466,29.969857751345714,108.66560496862685,16.01887870934725,8.931514417626445,8.586428691892566,8.598657834445465,8.639269011384181,9.987876693861612,17.56385085082499,15.575606421345407,12.876581889496277,9.476641312911644,8.84782189929571,9.286703048292658,10.525407752797932,11.761257862859305,11.812528855512829,23.13045091341221,15.49198007165761,10.957147059903532,9.073886405691049,8.37395545142833,10.635837738741234,12.520926780918858,19.51340658746886,24.68964084021402,0.0,5.816954575061333,8.155666169424462,8.692738996364527,8.461956191338652,20.131685216645607,3.1169509715814563,23.31550121148843,8.347565524762933,8.424239571819815,8.713135504091648,8.445150607512797,8.185237769138599,13.201224433396554,8.735771920952981,8.306822178735544,8.571011795175345,8.513845561602885,8.610210005237226,7.894046688207962,8.642081206736611,17.865261642735422
C1:parametric:-0.25,3.2643563945873217,9.451609657767909,14.166767319869548,8.270597185975628,4.410170319298035,3.383167133149294,3.7125176988878565,4.377029409801798,6.07162021729871,15.072191983035724,1.8725840179717674,7.0729037641409365,2.1052506074171413,3.8070569255449276,4.200802816105623,6.591687716393476,10.024368107500848,14.15870314165582,67.0535055889546,10.9088067148289,5.053344898590065,3.367501375364315,4.280252031131046,5.142986515919669,6.745108856603338,15.466525744470356,10.847913192628281,8.113148340173122,2.72924617447833,2.7847055853798675,4.3942153731066345,6.286679143277128,8.250932496296855,14.732312667631208,5.422383691881422,7.941337344432894,2.938997861049815,2.9699470219948876,3.96961568892873,6.479147512968793,8.731865077412428,5.417014300814622,14.962875061580583,10.31669619137899,7.069454532088031,3.877261263359999,2.985824282440425,2.9546887437954523,4.028742618571693,9.058586002548699,6.900609468603819,6.225529203591438,3.3474505793508516,2.920865468904379,3.481130188062192,3.620627494763058,4.556323986616775,31.591222724916143,89.70393021880861,15.844212232755938,7.193187672380472,3.4108265925937307,2.9461800901131774,6.497799830457893,10.909368385914187,10.864475281915725,15.642507297799279,8.961358445979258,4.711646201710277,3.3633254053921413,4.115812777985621,5.066463066731507,5.993691086069572,11.357852370246885,21.45495456523508,9.957362724186174,5.469202301894086,4.199959988955668,3.628953650208131,5.665352588160786,8.13511787408912,15.250116704735703,14.158936399853012,5.816954575061333,0.0,2.2311477520091394,4.60318361271395,6.647674806134126,12.251648397034804,3.8006544068593464,15.23368523868202,8.031962162734487,2.753517948547964,2.969477547451987,3.8014220554669165,5.892179871388846,8.425487708592557,3.2624122085820506,4.08273068690268,3.2823462702144464,5.5471250356654105,3.3357229175911303,4.360616351692674,3.465269858907439,14.952464212074839
C1:parametric:-0.1,1.061006255354213,8.962177326164852,15.701868635503457,9.364738651134754,3.710148005188252,1.4737467963500812,1.5126318620119952,2.5281890823634896,4.391086663687232,15.208617303124061,1.9358308818705188,10.779716414122756,2.6314387999687874,1.7076830883179979,2.261438874507096,3.9701991532779957,6.065234165414782,15.883919211967338,64.24475123665434,9.8636728979668,4.046440844179512,1.9921614953985662,2.0306351776629796,3.0231467530196285,4.772520503984976,25.41524359729071,13.757767076273996,9.659125874268407,2.2344940479715922,1.4145043064176333,2.2551086221787524,3.3859383364258737,4.380880836117448,22.6618480524729,5.609907750419837,9.60893029340471,2.150128288255947,1.2617999246326963,2.0929898047538122,3.467082675009481,4.600275414400002,6.231854679262814,19.637574972924373,6.47770837538785,3.8750423592734102,1.9789667882165185,1.178264729897475,2.109453076804602,4.411751620404548,15.635110366649702,6.846094773742135,9.762284104083657,4.1165823236838905,1.911957747388889,2.2216875725725624,3.7483210120533204,5.883815082799129,28.39271639113954,90.85256032647388,15.909993361425053,7.46404766119489,2.6211440928620915,1.9805733706250335,5.322512270612322,9.352002837406285,11.98548157212453,15.545794249663253,8.411169319069916,3.7035116215409727,1.9938852109218648,1.8140985332131265,2.901186160956796,3.961240372527306,11.19774401370448,24.443021381264206,10.672752666483872,4.216684164312224,1.9899426962089688,2.37877421129225,4.727954211516013,7.5258543335162615,22.45816876596427,15.92269046529339,8.155666169424462,2.2311477520091394,0.0,2.438287972617139,4.008023935091928,6.894507612828145,4.5053650410844215,22.826773595344278,9.822144411622608,1.8812751867070292,1.4141344160280807,1.99479468334552,3.2473154201874674,4.419222266850676,1.2183357163711521,2.6236904058669985,0.9586801340675387,3.276164843021451,1.3352386267633332,3.229866138231957,1.181911002075058,21.36079709820601
C1:parametric:+0.1,1.1565688366480442,8.576828506027297,17.15087054215425,9.45776025146381,4.293168942520686,2.45815371465503,1.0147748131763001,1.5260917700065533,3.355633964957804,15.185760466550903,1.9164750398758166,11.901147555255395,5.064258163647076,2.4091006624120572,1.692642467200376,3.246139654084492,6.85317280113042,17.3417619767763,63.75136764139338,9.910677152891589,3.2231573174763852,1.3972240133691036,1.5814891471005523,2.9850028347371165,5.1516404717682995,24.730231909577853,14.577033875822485,9.690618337191744,5.041194966118094,2.102697241029386,1.048627777497863,1.8879253131250446,3.6694262470115455,22.1387942465238,5.919456041826621,9.604499681461078,4.913596230867227,2.0906848309145403,1.0297156597071198,1.7930817374418238,3.798803587765999,6.578954475310868,19.254913302807232,6.382527163965388,2.4893238837576197,1.0973804606256874,1.8148437454646262,3.792596838850693,7.075685630254485,15.950646647994104,6.860877529662398,11.328928820124684,4.902142781183245,2.1426198004647157,1.565724635230099,2.672615751002816,5.033482292660309,27.99909700856202,85.9291776429796,15.677366876866454,7.188100390024316,2.408481683735852,2.1378877748206695,5.430926794944165,9.376236552164338,13.11767701479273,15.566428885290774,7.721335151066697,2.9234865731756363,1.6592655746295066,1.5538509656856943,2.7538698303610736,5.012919007894817,11.108068237474685,25.984147249194386,12.012312016535235,5.374779958572187,2.3222849747760845,1.468623193352276,3.805664265772448,6.748570231259046,23.85153378533533,17.385949062093538,8.692738996364527,4.60318361271395,2.438287972617139,0.0,1.5900901205623204,4.178715293884955,4.822924409192861,22.29601820839932,9.813398355439602,4.486494297529666,2.098149094086523,0.9084726568090945,1.990914717539744,3.357606062661862,1.077163753672457,1.5733879357756393,1.2034288905297537,0.9267045131792067,1.1223405145096335,2.667253827049086,1.2588065174125644,21.39386223171951
C1:parametric:+0.25,2.574774992012566,8.539696144606378,12.94034918373634,8.667426209230245,4.508626265916039,3.1163976262523816,2.233927177008787,2.512703633128175,2.88093881087809,15.310638672647926,1.8618420802565543,9.67239852935363,7.193483124193746,3.9498377008924233,2.588564997535768,2.8424433129094067,4.230239393737659,13.059621497556618,62.75180666579557,10.107221289621261,3.5962822669578345,2.6047300154473234,2.765985360314965,2.515362009301546,3.844163188531289,14.271210340212415,12.927111566138224,10.802195980941365,6.8632797345694545,3.454693929883887,2.1129018259347645,2.3207357228822234,2.948975360193035,13.754930703282026,5.695714491057139,10.675039083045252,6.704296186803098,3.5173118594541215,2.1216747471316055,2.187652016236278,3.0330524844498643,6.304812116338193,13.846863054391465,6.543807042968135,2.3383815545303435,2.164175259502843,3.0821691199947137,5.33790966478286,9.330169395391694,7.2199814904543596,6.9031007679031395,8.04910275442216,3.513673752925839,2.734392138026694,2.507059058667227,2.9138473837100713,3.401022107374424,27.310083721545755,72.83925968562119,15.090299601820915,6.493330367145128,2.4849715965712216,2.5804047475190752,5.780067518686076,9.552945383049693,10.67900240174937,15.626961351548347,7.574425940618007,3.0936600770231557,2.5673057653474216,2.6183290601063187,3.5509220201677136,3.7806786916998267,11.132889282566815,19.541137023295455,9.165643677307104,4.145831294941279,2.8536432069031354,2.6425854175795696,3.7208396021232657,6.470147790331952,18.575356493554892,13.074696567814112,8.461956191338652,6.647674806134126,4.008023935091928,1.5900901205623204,0.0,2.4320237224560914,4.608603772950545,14.027008445849935,10.69573949501859,6.1631547726179665,3.436592886991336,2.0430718546346984,2.296137855725373,2.9544138883399196,2.399688180656569,1.7481674652171066,2.5816811021071744,0.8129533441601304,2.716991271838201,2.6944618421631987,2.760686175636635,15.047734875110725
C1:parametric:+0.5,4.833452176574265,9.071704528346938,10.249984997602574,8.703733909803866,7.047844090976044,6.495274726345916,3.9975005988989416,4.293298674637325,5.249202459685413,15.474511135268985,1.745338494439703,16.6138678388276,13.510535638498865,6.733802844339891,3.8791923813189766,2.949071105278279,3.107006415227167,10.244799450126012,61.585305460318715,10.6715533405419,4.669706183010179,4.576809773087215,5.357879427121986,5.24090333719568,6.265569079145765,9.740726973098116,11.199019677864912,20.905977852478816,11.184163745781273,5.641106881783446,4.469625178289074,4.0689540908148345,3.795194993839784,9.732750342287273,5.700508343985456,19.743310641962623,10.849213106061361,5.908667563058999,4.007520049469408,4.143365371172623,3.740082763062231,5.675513892445147,9.71356244174664,4.700428415340364,3.639610888797212,4.287460754394384,5.027435514904516,8.307406344622555,16.99930929465436,6.372551385861756,6.9944422882023325,7.997466546963592,5.693985111835328,5.020442770324912,4.512619240649154,4.423843768554743,4.4498404908102716,26.791523064996888,65.58393960467265,14.0187213162879,5.22756294894189,4.708525683421051,4.668203096629755,6.607348610256863,10.16111935318735,17.03299394275301,15.761978504993138,8.265219697222797,4.02338513791465,4.70206895238338,4.814333035448579,7.094672032010011,7.415663629063712,11.277184400074692,17.458910785356945,9.178460986182408,6.051825321133301,5.527130701074963,4.650889699539761,4.8427708380042835,7.37064802971803,15.408865044685609,10.245032920411552,20.131685216645607,12.251648397034804,6.894507612828145,4.178715293884955,2.4320237224560914,0.0,4.0476930413194045,9.717871268986702,20.266791052257783,9.728804914284941,5.586839447662812,3.9768011849302525,3.7736442890480326,3.9563665795181167,4.619910082720863,3.784393009087368,4.740313573331744,2.9760049553338934,5.500665088133005,4.237309856671092,5.270239310084011,9.806007896985719
C2:open,4.72183153613353,9.43635532959712,3.46771759197398,3.0695416030623695,4.02290229336237,4.449222799669735,4.974175105655335,5.293006616604665,5.740846557461503,4.687506341689915,2.136798065308205,2.6427011362986317,3.5403247327489846,4.383126287244676,4.810688428444462,4.877406218061759,4.634996014989842,3.410595686110895,17.447052184535558,8.12133627332962,5.88327583841257,5.1264223643821,4.387174937108243,3.9605862655028976,3.4779462741705904,2.237171533652828,1.245729963988401,4.693492293648926,4.420645537590968,4.826084020680292,4.537496709869636,4.210653228869948,3.7901103732778427,2.2415549857390125,2.7233776366354463,4.755549170316243,4.515690255579407,4.803948251684287,4.532924670187061,4.234108767954893,3.6974003339981465,2.100828381185275,2.276465264217201,3.096076115985878,4.05584271183064,4.553076751435397,4.821688426304251,4.714864061572519,4.09968272671077,4.539451237737576,6.19593300027084,4.850925337990352,4.764185370256445,4.735950438758713,4.761965935757253,4.620976062717504,4.66009137299841,4.689163150397268,14.539324261891139,6.501117400149097,5.289330247926504,4.953168690222702,4.514144974223018,4.345167177742551,4.071872923469643,2.676064059917762,13.25749007906985,7.9049754648126065,5.812107874673581,5.127906720792063,4.388032344817288,4.049917844057619,3.515703435493995,12.045867915195387,2.1533811124250652,1.9444310694651472,3.3734639717613506,4.187418871003179,5.2691466791688315,6.059096582992831,7.3039458193839835,2.15521685434418,3.4310133432148304,3.1169509715814563,3.8006544068593464,4.5053650410844215,4.822924409192861,4.608603772950545,4.0476930413194045,0.0,2.237017978095891,4.696122982075779,4.437786438761658,4.751507230903609,4.535465662468862,4.189026308576835,3.7321981919504945,4.697725248762823,5.26848129271882,4.635805973707111,4.546851324366272,4.753474098731827,5.599383982131631,4.608818886202005,2.8739073186053816
C2:short,23.17948949516176,12.792579315064659,23.590791289484546,11.534783490944866,21.609120910243448,23.069059741887877,21.599486024503708,14.972278378501127,13.44077108491371,14.126655419320281,1.3621366548109306,14.200657925048027,12.424686808545752,22.92971208563988,23.049264823242346,13.853879926101293,10.550493379566637,23.552928633185992,71.50187760377682,23.078448523506175,23.0857913329579,23.286324051390288,23.1513579543884,23.315231365683125,23.31704278229909,0.2424516556955869,7.9316939258334145,19.58206953432805,8.477785044517866,22.523897405457802,23.088494038387374,14.174166629240176,15.388526990566564,0.1354725379418912,6.853618543780056,17.53829782106848,9.233847304006568,22.526366577302255,22.987586743326727,16.51146063513609,14.197917203974427,4.7681721065692795,0.1844458985899757,13.425646564305133,11.915751014859188,23.016989143015394,22.683970903750104,14.054990163144634,13.852921765459206,22.16133770895838,7.315595665392663,23.770525413041717,23.49859358573966,23.35552351741188,23.124617082980834,23.27453669523876,22.801046339246916,38.453779731740056,152.7983843198176,22.826119076216983,23.20365961368634,23.273585715393054,23.287370119698377,23.255476887449536,23.352059365611524,24.471206753793325,16.30558183147621,21.773679871500097,22.613636120952645,23.08581401288092,23.378916607190234,23.317338502412213,23.45572003583154,12.007259853889526,38.39959302510631,24.062365620259456,23.282486969005806,23.192244386747,23.33268417551746,23.156504153073197,22.75209936447053,22.116036024317552,23.551141858430114,23.31550121148843,15.23368523868202,22.826773595344278,22.29601820839932,14.027008445849935,9.717871268986702,2.237017978095891,0.0,18.439431818474215,8.40393205166943,22.400502060174798,23.11844212699518,13.40410930470264,16.134679332817548,23.198787248300096,9.937627898428515,23.149632327427373,18.139586723534883,23.14772724906586,10.828007540204487,23.067981482867758,32.153315717005256
C2:parametric:-0.5,9.990616760425015,10.197694266471037,19.213533442323275,13.681390475780107,9.324441108888808,9.76076392016927,9.981138110097977,9.913107380527665,11.393404190635087,22.023575425108664,1.661150541244912,7.698089790334336,7.083699754625597,10.062564330003084,9.858635277036797,10.619665051216261,16.02292165946286,19.206879590483272,68.14091887732336,12.738865662646482,10.286565635860141,10.077974101702887,10.615346212658379,11.343348148481894,12.92896334881835,18.41789398504785,11.457619069895356,0.17416396265629394,6.495442400835273,9.910631080899115,10.027655912048784,11.038816967520521,14.537901169920584,18.437962558844337,6.006995493672942,0.25261356480505875,6.8569275564792065,9.935124792209287,10.03876184174373,11.419986684772024,15.47631463184753,4.270489978339782,18.44833368199646,19.83042598238758,12.192912730286078,10.05284807572708,9.931983119049866,8.327954554901275,3.84092729475019,10.783196226528712,7.071555558940691,12.353914053075881,10.799658051883304,10.302114228286797,9.789448473971369,9.933678109998048,10.373068466184666,33.534893967323754,83.44391930259194,14.321487205644276,9.932092395981737,9.963061582006995,10.041687301736506,10.052756226408283,13.286391729297607,16.199028086856572,15.912604591259448,10.32996759875446,9.469880287911048,9.853635015672031,10.524423352657607,11.344888900862726,12.150167675774595,11.602315812572886,23.96000735703467,14.133805970795605,11.658360929408083,10.454046980345712,10.0629656761408,10.086163271279357,10.199189942270626,17.141409999221164,19.207051796310676,8.347565524762933,8.031962162734487,9.822144411622608,9.813398355439602,10.69573949501859,20.266791052257783,4.696122982075779,18.439431818474215,0.0,6.598320830905378,9.916101180513357,10.074909886087758,10.199957819433585,14.998665886967338,9.940990635831369,8.442346202562321,9.977281838579998,9.339986088544324,9.992303295294601,8.00946924010171,9.986282882486519,15.565934092761925
C2:parametric:-0.25,2.834496771911342,8.496146792107872,10.83168776989237,5.281874744374242,4.155996747860486,3.420889180208954,2.4581760200069516,2.1577204866227464,3.0624680664462365,14.879085945891921,1.8587355530541863,8.357894095601473,2.3023311046700474,1.8401708309007112,4.190026720733175,6.119856075070089,8.475203228359902,10.924183177739867,61.64709566277833,9.908327497340968,3.5424457881907627,2.3686273974003913,3.0374315917453334,3.500353559272633,4.054216484297864,8.41157290103842,11.793351164801734,7.503752508492726,0.24712976792938013,1.682394982552402,4.306604877502496,5.709352340949775,6.976043866800392,8.371089963414024,5.516275275572814,6.388806204481956,0.23207091209555739,1.885449572490366,3.9972210345229184,5.829898911056448,7.258340355191073,6.085697609425557,8.333790356111084,7.9452208065542935,6.275628454573618,3.908880629384459,1.760297759874305,0.4510588795070423,1.512935349168809,7.387940243792359,6.903807666817995,8.69282794216487,3.9935146173105487,2.680042838332772,3.193015960197032,3.4271567348906165,3.625625902911971,26.363531420065993,69.45432273143219,14.887994071966665,6.319893731264601,2.8932703616642637,2.668482560236134,5.618327159965447,9.251023259338904,9.247114587189557,15.622408974186172,7.403510059386654,3.014495386698127,2.700255755659509,2.692610259611986,3.0374608901948967,2.9987412569364125,11.151090756646937,16.735512031199328,8.192247600110598,4.037580940355626,3.0279406571818765,2.38082579170667,3.663588296657306,6.267491848033794,15.83272193110553,10.930519825679326,8.424239571819815,2.753517948547964,1.8812751867070292,4.486494297529666,6.1631547726179665,9.728804914284941,4.437786438761658,8.40393205166943,6.598320830905378,0.0,1.6522362703288112,3.861569576069278,5.468670929269794,7.053329725559329,2.99183645836868,4.184582268559811,2.6822813134325942,5.307032178686426,3.3196438632267404,3.5611964795007878,2.9425193732082566,14.471488550691065
C2:parametric:-0.1,0.9303136480857265,8.405971898074633,13.776786820585327,9.763529340898755,4.17499624940029,2.113909838716714,1.1840107666640363,1.65311842953367,3.474437178313183,15.136747294742715,1.9085502943400077,10.269470280128967,3.179437645266851,1.085124603269136,1.9703231017171818,3.4055862494997946,6.680723864594685,13.903561147412114,62.29863527399639,9.684983157554347,3.194697202093516,1.4152802965866333,1.3556391115049935,2.5792592091432653,4.353839555270844,24.842217310113213,13.398993274159926,9.751936660149743,1.9315556124250706,0.2361167052069755,1.937426669077732,2.8408216536273287,3.5884960584729466,22.242871833153917,5.8370556909449665,9.699946270577884,1.8648653375426942,0.19787593177534754,1.8265813011259924,2.8975498974959466,3.7477463032176543,6.465782059345195,19.348968468028698,6.367684523598456,3.232612596167511,1.720637960162016,0.21716315579811904,1.2268714387304778,4.201808451427579,14.486112937743535,6.864995189824903,11.10742468399292,4.865256983525398,2.2490314040381167,1.2215569850799857,2.340212215446,4.380283635324599,26.709793036187897,85.11184214383138,15.378458928289394,6.900237613609076,2.2679330909266313,2.1313723778656986,5.26682130688314,9.01346572024702,11.300574549865726,15.56577266110171,7.24992078179429,2.7093222220552007,1.1203473362298335,1.4642418917087066,2.3676097695310347,4.236225789043026,11.096762408726986,20.59936882690322,9.856652431573611,4.575034774841538,1.9884394007435897,1.4157619701018938,3.4243230123599475,6.238190108604754,19.517859690221115,13.92174596306029,8.713135504091648,2.969477547451987,1.4141344160280807,2.098149094086523,3.436592886991336,5.586839447662812,4.751507230903609,22.400502060174798,9.916101180513357,1.6522362703288112,0.0,1.7471134581855594,2.7535191758543767,3.6055854491402597,1.07076056215235,2.3831525721903604,0.8440208770980913,2.8376529670083768,1.1463482638854972,2.7420893926133076,0.9323574901495326,21.014544013576646
C2:parametric:+0.1,0.8382726007375173,8.852788920925502,16.142631257942806,9.39097987170224,3.9649181075525037,2.005169113766893,1.3062080378762213,2.280762701409453,4.29310083325958,15.106817874989794,1.9068164306901707,10.47191337557009,4.18045273061509,1.9768648233462078,0.8779697330526062,2.9854481491745126,6.925943296742422,16.12928191423218,63.521193878630676,9.93624102973708,3.810588686489071,1.772419476636472,1.7111258520207984,2.8469861134050856,4.94302883887482,25.864341839976646,13.547161799959412,10.01132983415193,4.307869237329638,1.7473617342664851,0.23760344385144322,1.2052520672380667,3.1532365317046342,22.945867422809112,5.6356457622816105,9.846818796173919,4.2049667744510195,1.7137174082443145,0.25871677517560226,1.3991423540402568,2.9808183781949893,6.2550805430773195,19.791197854221405,6.350467840166853,1.8399898057771065,0.24603379879798778,1.4989111811857136,3.2699030190897203,5.938432339367595,15.023040117818665,6.868269797095265,10.451870975851122,4.1313690472673885,1.4902823521919888,1.7718848318033331,3.257870650933484,5.47412704787061,27.823131990934016,106.55487161426635,15.564309701669117,7.055004141189796,2.3050769287046387,2.2153887855156666,5.485940057462634,9.392524313207671,11.61992660699937,15.576795062119874,8.155300139115653,3.503938047030896,1.776236998893888,1.4607397371702064,2.713009672162868,3.9403227035482735,11.180769212855841,22.901416943104792,10.222498584735268,4.182710615782602,1.6676691851834156,2.173080059424483,4.443292733602407,7.238029826695006,21.283172862073055,16.129409427344147,8.445150607512797,3.8014220554669165,1.99479468334552,0.9084726568090945,2.0430718546346984,3.9768011849302525,4.535465662468862,23.11844212699518,10.074909886087758,3.861569576069278,1.7471134581855594,0.0,1.2595646853812534,3.2946798820017578,0.7005250181180545,2.148254636839142,0.8916793190377225,1.2776084432341617,0.766070304168708,3.0656805779857157,0.9142703291771234,21.513148749980985
C2:parametric:+0.25,1.8191539508001764,9.323265990431342,14.75006727547291,6.609800159900681,3.3259571565505373,2.2299170125975105,2.458208474181524,3.3820156573300815,5.018539447051463,15.162185569627866,1.8660170864065282,9.550333666711246,6.4605909055856525,3.198527234689882,1.921183754180894,2.087982141860068,5.501528930126295,14.739826495490584,63.55777311028158,10.239605172605476,4.8400823264040875,2.9407682211185824,2.833791576594925,3.830872274942624,5.670655808521471,13.787388088364974,12.858550639583068,10.318352769962882,6.167645889139776,2.7660389011596673,1.1626355366936691,0.13037382822697338,1.6230744036448552,13.363849265667739,5.402108900806851,10.173818085334123,6.00742458157289,2.797031879234102,1.0753950511866446,0.1675673467020113,1.822902440878564,5.883220227784114,12.699675080561839,5.809221216627443,0.6705520075185397,1.1266953648905116,2.4204300012577655,4.646919372229851,8.733714374236738,8.122925341090918,6.90099804225514,8.292245650859083,3.53868467275316,1.98396895618903,2.0534410296710948,2.8489747738007467,3.872130691646708,28.02701513565465,92.36156806893128,15.251238558754403,6.641803614487104,2.4278890887867246,2.5948228000355127,5.884239579718227,9.766213117129611,10.7270228877342,15.62764220041131,9.03458179346013,4.434624555715022,2.9354263443371753,2.6291346147953987,3.7276089364901313,4.801186631919448,11.284613007480026,22.402816799595044,9.18543710026629,4.208616852641618,2.7684152864449674,3.236872047519254,5.5729491642241635,8.226496771825175,20.6823261740832,14.740042184899064,8.185237769138599,5.892179871388846,3.2473154201874674,1.990914717539744,2.296137855725373,3.7736442890480326,4.189026308576835,13.40410930470264,10.199957819433585,5.468670929269794,2.7535191758543767,1.2595646853812534,0.0,1.611845034518595,1.7489121745622223,2.995343600108485,1.8466964660466192,1.67940268719881,1.8790895517851114,3.783863565024146,1.971309245564569,14.93438970370135
C2:parametric:+0.5,3.635973231641292,9.846135717660518,15.993668510428943,9.584109643828551,5.839806264127801,4.628171600781889,3.798250309802921,4.652540168699842,6.1677293275524585,15.303411219706962,1.7884757441343968,10.79534022748524,9.366215293701076,4.326177383273289,3.3727173640424994,3.259706962443884,4.218621398819279,15.983828399932998,62.427005071577035,10.554841287673085,5.969305924349669,4.277419665011514,4.334599267475385,5.2987241015609525,7.188142579285795,15.960120848392233,11.591707785382606,15.385043929814794,8.137683570084306,3.633017514428372,3.0827366775332012,1.6256276904733955,0.14438602613056978,16.32870473461558,5.596394584530524,14.726455299564957,7.886733808888429,3.746881841760385,3.120807159638614,1.7202485200915372,0.25707128397884343,5.380355353985919,15.509780105777374,3.0397923639117646,1.1093989779213882,3.0824639646118537,3.4877669068308235,5.9249303421676585,12.479153474287072,11.36815730890091,6.961313814459735,8.393264724617557,4.413313575547844,3.208890683078219,4.459310111038272,5.381149961765785,6.726349745721572,27.330753572903795,90.69881787717836,14.475783014120394,5.731282078646309,3.8245716415782964,3.444130476887259,6.390150768653198,10.072743673421831,11.693108379583162,15.715298032676912,9.930468921797178,5.478052631854556,4.262713026330897,4.1578820075313745,5.228437259955698,6.277203169446403,11.410681543029263,19.70014457665338,9.070562391383675,5.673551113352413,4.231210305142972,4.452733337628305,6.772132934723286,9.229602992326722,18.29606363207461,15.984023364715648,13.201224433396554,8.425487708592557,4.419222266850676,3.357606062661862,2.9544138883399196,3.9563665795181167,3.7321981919504945,16.134679332817548,14.998665886967338,7.053329725559329,3.6055854491402597,3.2946798820017578,1.611845034518595,0.0,3.738346669798932,3.9867658289395433,3.6702075272006787,2.577002666023153,3.7153141128202516,4.766091075925822,3.744755018176804,18.252831113039985
XU1.aol:parametric:x0.001,0.22112069361902262,8.72322497725024,16.491371840197434,9.64453703417583,3.9401465632212695,1.7421330580494794,1.08589683385104,1.8944921572242472,3.755163105760286,15.187476770554273,1.9096926083508954,11.423088063149292,3.1792288194112373,1.2122827028574703,1.3886775792556343,3.348106513588137,7.246286964297482,16.676725901070768,65.28241089874776,10.264277765274484,3.5176927516175556,1.5304987947350672,1.1525864299422375,2.5556071254197494,4.669143633407836,25.96247711528151,14.230516578354422,10.27927306104465,3.36560520827405,1.065278572349837,0.813392833232344,1.7048744100793527,3.5702720556108245,23.025329789325752,5.797143956599531,9.718926637715729,3.2784819795495257,1.001439278061918,0.7516710051549792,1.7980452075077276,3.4431849732914794,6.4413573638540855,19.853958688054995,6.408549173659848,2.2801308844583548,0.7247722673345897,0.8578841340313899,2.4709056413739794,4.774234794671375,20.62926083448004,6.8685017279771525,12.171807726651918,5.356013260279467,2.2067126727102377,1.609469007021063,3.7119273043561574,6.856981203023704,29.537497935776695,101.38060545140186,15.867934232961641,7.339898888835264,2.412689724353727,2.2891550309103783,5.768201617192672,9.929923733484467,12.63053157762165,15.58516602754034,7.979017370875436,3.2897215467715015,1.3807026510142457,1.2198240536361236,2.317523811077315,4.531132433035445,11.142764073832597,25.228066911757438,11.432089312562297,4.903695811211566,1.8827654315374707,1.8193303276862354,4.155037020491894,7.039043816279049,23.1891791825181,16.717890134419697,8.735771920952981,3.2624122085820506,1.2183357163711521,1.077163753672457,2.399688180656569,4.619910082720863,4.697725248762823,23.198787248300096,9.940990635831369,2.99183645836868,1.07076056215235,0.7005250181180545,1.7489121745622223,3.738346669798932,0.0,1.8545129874390205,0.21775955158438898,1.7916641462568763,0.17720479480926077,2.8004246416509617,0.4587089410558053,23.276672540104027
XU1.gbw:parametric:x0.01,1.8239928083999295,7.25740734144387,12.10013209724686,6.227870000712293,3.7599593978246992,2.5421102784767577,1.691716622541867,1.719330576650213,1.9581966891191747,14.933957661084582,1.900408669360175,9.839287063403892,4.372037611992359,2.605997086309166,1.9189040828665234,3.235405725878578,5.621657682119099,12.182284820606078,60.63807512407493,9.422096303929994,3.151991499510571,1.8579708214704231,2.718843948299882,3.695065143305018,5.10390369434315,9.942421200173051,12.932719321417117,8.463972897771747,4.531880112373898,2.3856897612399495,2.2915309698505006,2.9194156399188103,4.159938921401261,9.905615292246768,6.314581892776482,8.328382312370035,4.452547413540567,2.36885238353477,2.2650259530031542,2.8493835875817903,4.271228526259225,6.953031825174909,9.872401811191452,6.030502597354942,3.353356164038802,2.255300979128501,2.1530987692317423,3.6987056923268944,5.744907687519584,11.089025982710291,6.868763983798169,9.282538663473096,3.698650711251683,2.1012587786199592,1.7803698254579887,2.07912687444565,3.5007447269796494,25.346663036098953,68.03842601938901,15.0394908382491,6.592074595520274,2.1233744941343877,2.236655131167317,5.080502230995554,8.619214532106735,10.650911356165814,15.562928569984916,6.905699098656261,2.5771159288046293,1.6713204963850754,2.697767319564881,3.530084551091553,5.011808945625687,10.874419146292935,17.05523492137324,9.265471548978246,5.283201249378296,3.2311002615211226,1.754066093317176,2.736060881817742,4.682711104523189,16.575140043860657,12.18779848362243,8.306822178735544,4.08273068690268,2.6236904058669985,1.5733879357756393,1.7481674652171066,3.784393009087368,5.26848129271882,9.937627898428515,8.442346202562321,4.184582268559811,2.3831525721903604,2.148254636839142,2.995343600108485,3.9867658289395433,1.8545129874390205,0.0,1.9219610348618352,1.914152325204922,1.800989550296376,1.5073576287075243,2.06307315330098,18.1102916831592
XU2.aol:parametric:x0.001,0.19858217744807868,8.731249886429673,16.873919016416295,9.790601717068917,4.025732844558163,1.820955501854253,1.1149674481887375,1.978468175413391,4.043299548459945,15.107636049297561,1.9198719625767027,10.81119877756168,2.963987434382433,0.994572549813547,1.3276218744819672,3.3536168977129006,7.4145289749505805,16.858964343616513,66.69880622294724,10.471320529377188,3.546992584462104,1.4854443812577467,1.2952977930303284,2.485897487359807,4.6804032160957,25.8982786547347,13.800414572399768,10.55772442631746,3.027060785217359,0.8367756255442413,1.0335616328947745,1.9143467732550785,3.503303260571598,22.976911331691095,5.733473768739433,9.753158546803393,2.946344163732118,0.7640735194484508,0.9626553798494266,1.9652991394862611,3.509876095212208,6.364669752293201,19.920917326034893,6.405700509537565,2.311717292444252,0.8435359779914021,0.6441658293740977,2.1907196472475032,4.389146165295176,16.437653574176466,6.862237587870667,11.061511156512681,4.562473248628908,1.7812520106308278,1.3883507910688548,3.0947253768485887,5.486806117715018,31.02272450639572,112.55387353950006,16.17061510402672,7.663410293079608,2.5836658668738854,2.2708929384599537,5.928840654994536,10.324164984055246,11.96217285041169,15.581425538391999,7.940451615919959,3.262224921075261,1.471110251822349,1.0245879241853164,2.3373894637613017,4.162828066106709,11.15232969151267,23.35030156821441,10.620197621446358,4.532040232094134,1.6880034988288757,1.8933564139621561,4.160065758732726,6.997119567604822,21.694881186654765,16.859023360015435,8.571011795175345,3.2823462702144464,0.9586801340675387,1.2034288905297537,2.5816811021071744,4.740313573331744,4.635805973707111,23.149632327427373,9.977281838579998,2.6822813134325942,0.8440208770980913,0.8916793190377225,1.8466964660466192,3.6702075272006787,0.21775955158438898,1.9219610348618352,0.0,1.9843169834059875,0.2677560547539198,2.899723489038197,0.371807095047513,21.682583648159255
XU2.gbw:parametric:x0.01,1.9588718376560592,8.646279930432527,12.972792423755369,8.749635565581706,4.132067588448918,2.5009913965691464,1.7176527692997698,1.9923490177633703,3.2017146177060987,15.210299521413681,1.8998608842333844,9.613216030133085,6.0158879882822305,3.234856921547551,1.9022072074750371,2.3622479988161813,5.304807836464388,13.095734817415574,63.85714264919032,10.053441404284149,3.411967012125547,2.0438900578440804,2.0915971881863964,1.966227288449701,3.689047825753692,19.32729994098785,12.886367538899094,9.235442428638612,5.895927052788402,2.848626734295481,1.3847047776907984,1.7142127410960553,2.552926420844557,18.04889096202191,5.63710072554841,9.185420127475256,5.761760535837128,2.872510114850283,1.3744018457543625,1.5481949973878997,2.6894583558407996,6.241826109128952,16.392210688146424,6.352830601855256,1.8298561687395056,1.4285162250006147,2.525710303193289,4.58166144737863,7.979345404544222,10.601722605088755,6.874340568576003,9.696906891026057,4.163434201225621,2.112710987110001,1.7939739613068681,2.2801193478496313,2.995124594087174,28.168351757639,77.99393284336779,15.563770081925197,7.030708580427177,2.2528421220756893,2.2996449859892265,5.611398411223736,9.559042348600235,10.636217212085736,15.587777825363544,7.658220018649501,3.1707531890720473,1.9586531452282587,2.013782318442653,2.732981566331608,3.572005684708426,11.15451930715909,19.731147243571915,9.110541979467893,3.9214663282052338,2.1654661664694914,2.0743225187789465,3.9517206292289244,6.691525532266165,18.711809385354925,13.111838232932953,8.513845561602885,5.5471250356654105,3.276164843021451,0.9267045131792067,0.8129533441601304,2.9760049553338934,4.546851324366272,18.139586723534883,9.339986088544324,5.307032178686426,2.8376529670083768,1.2776084432341617,1.67940268719881,2.577002666023153,1.7916641462568763,1.914152325204922,1.9843169834059875,0.0,2.0130896131807807,2.764104548024301,2.09989430519002,18.3348918855419
XU3.aol:parametric:x0.001,0.149741071100999,8.723780667666954,17.946550253790473,9.746726548297909,3.998521842866674,1.7940003779063745,1.1095532086585433,1.9608442235067656,4.03982308571193,15.106139467658345,1.9264516907721199,12.0899302452179,3.621456650325532,1.324764329820912,1.3770530394011724,3.3983086444726127,7.488958184241671,18.162816934942025,67.99285745595448,10.68264449042491,3.5083390943130763,1.4696011005464058,1.342368138414998,2.8041362281070734,5.069772509795561,25.896294864308274,14.672545518168217,10.649174024987072,3.7843947565490166,1.1418639435408662,0.9274489898995607,1.9718018893566516,3.5401517855693942,22.97501098156952,5.854823425919156,9.76673475428668,3.676019384687814,1.080327823077767,0.8458804704325071,2.0375222985307118,3.6504003155569436,6.51156007173334,19.81706097189867,6.404991409083819,2.4527197408894095,0.7106959584855981,0.9102226216387687,2.7083430151046164,5.56378667985759,17.459806156072926,6.858588782532061,11.34486754128458,4.740782001517067,1.846892645386426,1.4747543589174048,3.27674023889443,5.841693741726507,32.51964356058514,114.4890229960643,16.42250185897989,7.9388433143022095,2.7184612274610744,2.2788404846842303,6.114773919469225,10.742063729395712,13.362894750782072,15.580891158317783,8.036925522850584,3.198717055893854,1.3075309794409238,1.3152762759009538,2.562179855219503,4.924337076440831,11.135108804730502,27.534844030605573,12.367988586795963,5.29906897801435,2.1113065075143616,1.7625044288939649,4.174542764378472,7.103947215910901,24.953739594397476,18.217985700692854,8.610210005237226,3.3357229175911303,1.3352386267633332,1.1223405145096335,2.716991271838201,5.500665088133005,4.753474098731827,23.14772724906586,9.992303295294601,3.3196438632267404,1.1463482638854972,0.766070304168708,1.8790895517851114,3.7153141128202516,0.17720479480926077,1.800989550296376,0.2677560547539198,2.0130896131807807,0.0,2.8888922729567463,0.4274324066790816,22.151078959961758
XU3.gbw:parametric:x0.01,2.8400465612584935,6.85556127743582,12.98829769938149,7.086006790625831,4.605992646387889,3.3572725156669736,2.5650854645094965,1.7687367535208136,1.4260943855280594,14.285819687929129,2.065621227879832,10.650149311291012,4.894984245012135,3.193692541437663,3.410755775306135,4.467220740644917,6.527682361607829,13.071937061929637,63.74891004973116,8.788872610499505,4.17993919804275,3.36442418263255,3.5391543847725084,4.508704993913181,5.94973706706972,10.829354228615838,13.613603484215856,8.196919093722318,3.8386033782394633,2.71833486816483,3.0990095482120075,3.703756128850108,4.98171538146235,10.791459565761176,6.637394471617441,7.927309673370217,3.774746660853748,2.7396701821498555,3.1059856561193886,3.6311183277332004,5.077951002578351,7.310618354905211,10.758414560494709,6.794494263997559,4.149429524290238,3.0864739793671596,2.78144607745668,3.1528659942306754,4.827040382836778,7.845598852449897,6.741417767356518,5.739389180433301,3.040700861563848,3.060419705598851,2.7484491624549423,2.8835098648500495,3.114532290309024,27.361836676021937,85.05347756112151,16.864483983465476,8.778801412478382,3.88735142238213,3.023859359168034,3.9170401965205994,7.975090307357825,11.462903325943737,15.381265933215937,6.020609272886581,3.950860563879336,3.1819548545907907,3.5147318101559124,4.351025056017419,5.857812934151279,10.775935213400691,17.94360600753179,10.139173470186309,6.11938997565624,4.056991557456554,3.1403053768890308,4.6620865648142225,6.327355215279979,17.436982657819563,13.078504074327382,7.894046688207962,4.360616351692674,3.229866138231957,2.667253827049086,2.6944618421631987,4.237309856671092,5.599383982131631,10.828007540204487,8.00946924010171,3.5611964795007878,2.7420893926133076,3.0656805779857157,3.783863565024146,4.766091075925822,2.8004246416509617,1.5073576287075243,2.899723489038197,2.764104548024301,2.8888922729567463,0.0,2.8588521133355647,14.072663891337156
XU4.aol:parametric:x0.001,0.35114370212867013,8.835459244790153,16.15456706622791,10.064359866993016,4.2279853207402125,2.0614124957615263,1.1787325184757977,2.1696067839142112,3.730304102788548,15.139236452031888,1.953338467464847,11.137164843005735,3.110458357152682,1.0699343683711526,1.57790344795458,3.51991243117062,7.525283671489146,16.339048717243088,65.4208788432261,9.96023593607201,3.7657492773214485,1.6625185147679324,1.5061486185387503,2.542745213139861,4.448551594542525,25.789468658716338,14.019563253648881,10.620021758090248,3.3453861458821894,0.9258298837137346,1.0752516700489432,2.0561794395840995,3.567220142246466,22.896588177935893,5.7106939615350605,9.760914256376159,3.2511928431253088,0.8547184597814654,0.9918937885860357,2.116457162759886,3.7081284609150043,6.3447704249159695,20.79004489496413,6.41016218556914,2.501370395005871,0.8649893792728369,0.7158165277175768,2.391019265369897,4.888210697976449,18.400247973160983,6.833715134810213,11.584198885847497,4.898732966233866,1.9192213308593327,1.5501499565959769,3.439064693626358,6.167307540652366,29.510102294872972,107.30475250935389,16.238817433128254,7.833437731317431,2.8585314847452254,1.8690384751924156,5.343841306517769,9.56285634947507,12.345392950524507,15.531776996833036,8.18341601528482,3.447519345087005,1.6668323037759254,1.003132045237835,2.0188362153053774,4.209551394214928,11.168387450635239,24.91270365840784,11.097646303019518,4.5906493320201935,1.5741694043739598,2.0806232155767233,4.4245418537582,7.269269217059999,22.887479174584637,16.37938838624953,8.642081206736611,3.465269858907439,1.181911002075058,1.2588065174125644,2.760686175636635,5.270239310084011,4.608818886202005,23.067981482867758,9.986282882486519,2.9425193732082566,0.9323574901495326,0.9142703291771234,1.971309245564569,3.744755018176804,0.4587089410558053,2.06307315330098,0.371807095047513,2.09989430519002,0.4274324066790816,2.8588521133355647,0.0,22.536402371072363
XU4.gbw:parametric:x0.01,22.170969652945335,10.800435723585068,21.990220680806278,21.192462188138332,21.83648115530236,21.659975115336337,21.616840526001567,17.301023683917354,9.843589100282193,16.651079981116744,2.688987052139369,14.943025328049938,16.497479967926136,21.283660904308924,21.501366370709942,13.676402361932524,13.953186531349807,21.944334524394023,62.2945465939922,21.138996095582453,21.611755295378448,22.487948340296324,22.110765544011276,22.215867543118815,22.165024837962545,33.27679076281429,9.217930676289244,16.69244814480509,14.402120824700711,21.04679695685246,21.826312229579944,15.461945198816439,17.5696223479407,31.72397380424452,4.012314435459698,15.031943464594093,14.126634944724525,21.08079091105697,22.026632771248615,16.02182386098443,16.436839527584542,4.433768955589731,31.510497243263067,13.196705414825551,14.205942732034261,21.364182716593632,21.159848717207122,16.576191225403267,9.434950491396215,21.885511472597084,6.3534320344267945,27.139883297736656,24.03410082905404,22.900620049323432,21.584244511305634,21.626559862330886,21.635718328945124,22.86672530856093,117.03733248901375,22.047503755756697,22.508068698049847,22.071686223602136,22.189584068036286,22.3539998321922,22.401969039453913,26.948282110485774,14.596647771533961,21.1928180506856,21.279004195682344,21.453562666616858,23.226621795483982,22.465686986143744,24.389104050659316,11.646405542911324,21.731135545726012,21.617092190294773,21.962774274600843,22.201382204491008,22.9166907870026,21.768513276552927,21.23291656561003,16.753841538321968,22.062266862261325,17.865261642735422,14.952464212074839,21.36079709820601,21.39386223171951,15.047734875110725,9.806007896985719,2.8739073186053816,32.153315717005256,15.565934092761925,14.471488550691065,21.014544013576646,21.513148749980985,14.93438970370135,18.252831113039985,23.276672540104027,18.1102916831592,21.682583648159255,18.3348918855419,22.151078959961758,14.072663891337156,22.536402371072363,0.0
