fault_id,healthy,R1:open,R1:short,R1:parametric:-0.5,R1:parametric:-0.25,R1:parametric:-0.1,R1:parametric:+0.1,R1:parametric:+0.25,R1:parametric:+0.5,R2:open,R2:short,R2:parametric:-0.5,R2:parametric:-0.25,R2:parametric:-0.1,R2:parametric:+0.1,R2:parametric:+0.25,R2:parametric:+0.5,R3:open,R3:short,R3:parametric:-0.5,R3:parametric:-0.25,R3:parametric:-0.1,R3:parametric:+0.1,R3:parametric:+0.25,R3:parametric:+0.5,R4:open,R4:short,R4:parametric:-0.5,R4:parametric:-0.25,R4:parametric:-0.1,R4:parametric:+0.1,R4:parametric:+0.25,R4:parametric:+0.5,R5:open,R5:short,R5:parametric:-0.5,R5:parametric:-0.25,R5:parametric:-0.1,R5:parametric:+0.1,R5:parametric:+0.25,R5:parametric:+0.5,R6:open,R6:short,R6:parametric:-0.5,R6:parametric:-0.25,R6:parametric:-0.1,R6:parametric:+0.1,R6:parametric:+0.25,R6:parametric:+0.5,R7:open,R7:short,R7:parametric:-0.5,R7:parametric:-0.25,R7:parametric:-0.1,R7:parametric:+0.1,R7:parametric:+0.25,R7:parametric:+0.5,R8:open,R8:short,R8:parametric:-0.5,R8:parametric:-0.25,R8:parametric:-0.1,R8:parametric:+0.1,R8:parametric:+0.25,R8:parametric:+0.5,R9:open,R9:short,R9:parametric:-0.5,R9:parametric:-0.25,R9:parametric:-0.1,R9:parametric:+0.1,R9:parametric:+0.25,R9:parametric:+0.5,C1:open,C1:short,C1:parametric:-0.5,C1:parametric:-0.25,C1:parametric:-0.1,C1:parametric:+0.1,C1:parametric:+0.25,C1:parametric:+0.5,C2:open,C2:short,C2:parametric:-0.5,C2:parametric:-0.25,C2:parametric:-0.1,C2:parametric:+0.1,C2:parametric:+0.25,C2:parametric:+0.5,XU1.aol:parametric:x0.001,XU1.gbw:parametric:x0.01,XU2.aol:parametric:x0.001,XU2.gbw:parametric:x0.01,XU3.aol:parametric:x0.001,XU3.gbw:parametric:x0.01,XU4.aol:parametric:x0.001,XU4.gbw:parametric:x0.01
healthy,0.0,24.313563394737155,89.62650098459483,10.626246575823782,4.602142147912725,1.6752060133098516,1.6325909480122371,3.5814950665296803,6.732993413388691,12.23299969490289,52.007315823830375,6.7701028206045075,2.8343290370062757,0.9625958662580603,0.8816362810334032,1.951499796334183,3.654448125826187,48.160656348002085,24.324609998649997,11.099078139979348,4.664097159977672,1.9538087016106727,1.9195465144920685,3.8894847101306738,7.632829381050509,13.162076375606711,11.868806668320314,4.436918803525353,2.2871832657687676,0.8754991634412749,0.7318506308407785,1.6847939426920346,3.2279895943215435,10.644988982021765,11.369283463229637,5.533138454478444,2.3871622100690497,0.7292732929079401,0.7229572217299493,1.4568811566869828,2.7974866120748336,22.58416123416582,474.3078061180019,7.7142631998904845,3.5819612085323143,1.3612322890663282,1.1461938370265543,2.7685811622558996,4.387850555210427,9.685517552328127,61.488503924723254,8.427029713759234,2.963348450947587,1.003814552451165,0.965141073249327,1.8305141303301422,3.6468082633859673,24.321455763018445,89.68025593523033,11.577267034441055,4.712220171161836,1.8254619666933618,1.6601591039806516,3.6880355381969743,6.91463572291268,90.24776125189139,24.321003656794137,11.035155067906802,4.940499922697931,1.744684974258213,1.4462436819774482,3.8412911043152027,6.674890621212969,781.3393679445103,22.488348035635607,7.734989486182698,3.6036227433925663,1.3188100683564201,1.2947478734699327,2.7341309241056626,4.6472661081846995,66.86191644012293,9.703089490687361,8.547017700066757,2.9628644562937443,1.0830880107865735,0.8069005161186488,1.9768550743533255,3.482578322026533,0.3379612127293231,18.55104958877411,0.20537861990862147,1.380823131684766,0.1673411170588017,0.6268479993335333,0.29073573501863426,15.961547835318388
R1:open,24.313563394737155,0.0,2069.1226812315126,23.61181134687459,25.34675580264906,25.67733524777298,24.324185134734236,23.00241151454702,26.694187916203468,23.91409574564174,76.00845255349007,26.658868399112688,27.415493471285522,23.93639588269021,27.647531871147326,23.04643480644381,24.66796116071868,72.96844590723525,11.417448725882075,25.32675213741124,20.697718380621026,27.895621742358273,23.73222171570567,24.073650400568997,29.559658990805094,24.154237144836635,22.705585279556896,24.05260255525078,26.220475529363533,27.206093076402876,25.330484065931323,24.315923047089264,21.91316531151744,25.615927474997445,23.355811517449432,20.03213957993896,27.1388473561639,24.247066254702705,25.5606896797125,20.892664152763846,27.519375638946112,26.920715530248064,517.4103590194006,30.5358522002701,23.821882742626705,26.958205400387396,26.824771365932264,27.700188237255794,26.608675886045866,24.294517297822097,63.35232490848163,30.205419364415434,23.186403445613163,23.392686959372796,24.131686241780052,23.82527523062373,22.298112082643527,2.1062132408810963,2875.540857550746,26.488148588486506,23.326448188669534,25.17416910925842,25.929424618570753,24.64971789034954,25.276900710684707,3315.547362969525,4.0754248556730035,26.776496866556943,26.270137346109568,22.082518719771592,23.061024614119376,24.209152781980215,25.082687046690193,1046.7355229668076,26.78465257155501,25.81200153895873,28.94147168896628,24.55992687123335,22.75146200474877,25.04496213532886,24.94190103851931,79.3366642783488,24.334225519646772,24.37045303054444,24.465480307934662,24.473616057155876,24.211306168057625,25.506198527177226,26.377606874235724,23.528544581045388,23.473186401691834,22.82087362060445,24.153272162575075,25.410373215309946,23.85673830272043,24.353521325677086,25.747160264023968
R1:short,89.62650098459483,2069.1226812315126,0.0,28.367663957059246,57.212923565346294,79.25014781399915,81.32854957231517,121.0241213015848,145.8982875433731,148.05967501760955,81.51395451365805,69.50786325983488,77.88694590258238,80.51462356198614,92.08350724375619,101.1295478803085,98.32321136872406,33.39441225290126,2032.822922285726,261.52105311428767,141.0510155518364,112.08219544466327,97.4385214894839,52.00922025037004,44.64984323472209,96.83203727756727,50.6724839710477,72.42081038827159,86.95268931848773,102.55376778765758,93.68371901381703,99.30458965090713,127.9398267121667,51.978187871330405,86.97877277954163,109.72375858973727,111.06400496856268,119.63335758481757,82.1266179663301,78.06609210732326,77.5243738949272,2096.174627767,64.77390290417647,52.4795205982616,64.6325585321268,81.05364483307517,94.30047585885895,116.19291493833497,135.3112641024246,116.1830225484861,1256.8861132815869,89.16859350718823,77.49150957826083,87.71064500529965,89.75303023656471,91.80261431696123,91.73395716424885,2096.3433254674865,19.381521946590894,34.33444607353586,65.27266470929581,80.55835105331937,90.1537340162318,117.56622255471397,135.54827857967848,24.686117887439515,2096.117222594465,184.1249874005327,133.51006002150976,87.98380420071331,79.5359791107593,79.59451826489101,55.41427491891197,1045.9891992510018,2058.048868426582,62.20978226607767,74.21745896414653,76.14944218412813,92.55426329309684,112.57387685491209,129.24432669887918,402.823908072757,109.91265622038021,90.26527438943798,100.16419485910318,77.86461959068538,87.09556191932163,96.83769581560648,96.46046800572665,89.96545226609058,108.9920697771204,86.10352263005213,84.98664044423559,88.95181707208613,99.75819185765248,83.43427500670504,135.9378349453963
R1:parametric:-0.5,10.626246575823782,23.61181134687459,28.367663957059246,0.0,6.686268796935647,9.317307547934465,11.811322165352175,13.014074911838915,14.981049113872308,16.16648234092618,36.76756348642068,10.672433295574693,10.918984595987329,10.607284330611538,10.802006062515353,10.547586073031177,10.522750693699855,41.75752651775265,23.607981588172162,17.218929571138926,13.614940057543896,12.127507383754535,9.212570343789652,7.38091340561445,5.8634940992114695,10.693503844938993,13.272708107025778,10.688656674045632,10.684820187772516,10.862251127654531,10.644950703502781,10.60508063334152,10.364689399292143,13.305271156938826,10.62865058754006,10.16617632549656,10.728427776176037,10.695596934471116,10.68491591885965,10.315523224760717,10.90483963180324,28.744358334948778,415.1697701027147,11.001763760552064,10.53968201301604,10.820922440741121,10.709963779298883,10.915816075594837,10.647683577013943,12.727903360637614,85.59722891811879,10.892829456562618,10.66365381107634,10.548779641146979,10.700055216422523,10.443307862356978,10.370778924329162,23.607056598711054,38.72052942806119,3.102674535653938,6.50991604287916,9.311117451003122,11.780130508195855,13.02624423778263,14.999462976675364,28.130659740301937,23.609864480255908,17.22742182759817,13.865142679331276,11.635338045585456,9.292885492412726,7.530899204959577,4.794495292616905,574.765566623299,28.731145889740322,10.793826364273865,10.861254407208834,10.706599446235876,10.466996928186026,10.631493834555933,10.631415079789646,66.474745450374,12.655800599471247,10.504796167006322,10.513510918951527,10.63004560561258,10.587030109106214,10.530905164262219,10.677302528359574,10.565886719101773,21.253171974838974,10.548537365364792,10.344927273823979,10.611259837520599,10.757188920662845,10.810270288538698,20.051003611603473
R1:parametric:-0.25,4.602142147912725,25.34675580264906,57.212923565346294,6.686268796935647,0.0,3.013792584257732,6.104195620487269,7.73771976681767,10.489374538380456,14.4829335570771,41.148113927708444,7.737275693525866,4.903278557767081,4.5776061408319375,4.720049152188791,4.5525658198772465,4.700211758687835,43.61540177691301,25.343734958599644,13.662378591675663,8.560079490946453,6.537921017706127,2.9384728129779596,2.4638248988094174,3.8575301624241054,10.913948885817861,12.082041595975786,6.6000800971428175,5.494312889453159,4.8205356294651285,4.57143533827613,4.617183806789957,5.13851247031397,12.003350928261137,9.48657494785249,5.337008902107312,4.753808876564226,4.693762828716438,4.670720854594596,4.788137524148979,6.102484738531759,25.110179204960236,481.99042260941957,9.76201386117204,5.770340099107433,4.823575735445348,4.664381918053825,5.371903702775343,6.434656284667711,11.440089736381857,74.62960264062916,9.549297349002194,5.013351299183942,4.548695385502338,4.69781778295994,4.5620890218571,5.152170751527165,25.340815683257457,57.228335938359216,8.053870650597982,1.3240044215582332,2.94579280139152,6.058535983314314,7.9096346332990475,10.581883013681269,57.6122286633048,25.33962047920383,13.799775675180024,8.858393782118803,6.060220415729864,3.1106118875296573,1.52983992477541,3.2735983773642645,821.1896138819117,25.09867198782155,9.772457262075264,5.576866381508423,4.703522521037882,4.454818198985769,5.302087348979981,6.477094745762296,66.80906994246743,11.405190010059592,9.659897574111566,4.732974631461542,4.584799798116974,4.5697529433948345,4.804830840799281,5.900074582915772,4.5898066049410255,19.596326516315163,4.640059493840987,4.307393510609593,4.529570662313365,4.782540718134303,4.842326016104572,17.713958481472744
R1:parametric:-0.1,1.6752060133098516,25.67733524777298,79.25014781399915,9.317307547934465,3.013792584257732,0.0,3.2789911079294223,5.115605367868068,8.38602160708072,13.746935325121548,49.03700588377366,7.258002851526542,3.333481597405957,1.7940103571980375,1.784945417790966,2.163770524919944,4.011823826745727,45.65183667918527,25.687959416755284,12.598371232943162,6.158469783546908,3.6825743324118467,1.0053015440279442,2.4734019178336393,6.113123434355581,12.512796438261125,11.79884870442566,4.882818449751562,2.896530710729828,2.049177560331624,1.7313611471009958,2.4058341484622954,3.0514872478284425,10.578541282761144,10.809942980482585,4.568981619811699,2.6346978570095914,2.008219224980152,1.9759285808944795,2.4177906056142184,3.39157597624175,23.802919676719387,480.33793361566177,7.8433782084705355,4.096738803748816,2.029695089492842,2.07484574735252,3.3726094167119527,4.83499783094341,10.887745046025547,69.76420024869071,9.07125327102661,3.4779004453934808,1.8248384660814831,1.845237523171199,2.1716170105434114,3.970129396450603,25.6849258027483,79.28863825323717,10.336392701749137,3.191492558879673,0.38407031673673697,3.3967234029763156,5.392600192111287,8.680247048226732,79.79902928686738,25.684445573583922,12.784625419973672,6.714405922899935,3.339312143639642,0.3597077089909582,2.2598507144494144,5.285056532913167,811.4599656107359,23.80941128964449,7.866192990088314,3.9408420346604776,1.9747394453169813,2.1455395321174175,3.2990160629097995,5.116435198517193,66.8454478408403,10.866473467529875,9.187064476460812,3.212774343020605,1.9398550953967904,1.7790996274026463,2.256571289971014,3.844839225016248,1.765896035206367,18.856540295379233,1.8081673557008353,1.3912096697245555,1.5379467435912313,1.9370145699999446,1.9407372153900495,16.55291054379228
R1:parametric:+0.1,1.6325909480122371,24.324185134734236,81.32854957231517,11.811322165352175,6.104195620487269,3.2789911079294223,0.0,2.0463065059504606,5.195196871530435,12.503882679548147,50.775413227970304,6.869072773038668,2.903601486283328,1.6370338402169748,1.8365240046086309,2.6418932038801284,3.6996581067820564,47.300761960335976,24.31548662180844,9.573378588893753,3.092592233741038,0.9949624963438192,3.179194821536349,5.406008821706176,9.309255896671635,13.734723843303687,11.94023837667425,4.229559023190326,2.351265211422349,1.7320770552902274,1.7921188178078187,2.528162355705159,4.056798688986877,10.706189892443797,11.863073297653436,6.202839384742506,3.2259914045187923,1.6457821487200102,1.5492229746427386,1.8653525482777737,2.750513202813006,22.945730780270154,479.55855497133683,6.914586222293195,3.762611812259285,1.7889891497492545,1.9189378124912864,2.9946949206121465,4.727114386131357,9.974260205697998,62.01004111857641,8.538564972988462,3.024066406106992,1.609880030321114,1.67839544877361,2.542763840723268,4.439731352981454,24.313385697596527,81.36694640231588,12.863394023086574,6.169944447152733,3.464021405630363,0.4381934735826949,2.2642213954499413,5.282649294572431,81.87014328453265,24.319763225741198,9.610134805525565,3.3255523678613517,0.6387842005039771,2.994280854029281,5.4200951638788295,7.921349405550705,806.2325467124199,22.94343471739724,7.340416640335609,3.8042333444653953,1.8019552380500403,1.8963181907023967,3.1667864088445032,4.627254363164927,66.8857613550321,10.373217066659615,8.657762281803041,3.0251894331299094,1.7980347052538652,1.6068438110710104,2.501199487820956,3.7266430789933285,1.4561707808892128,18.05956509421744,1.353402889297692,2.387671128280053,1.8350278267437325,1.4139390560749774,1.3463598914118056,15.199229134205659
R1:parametric:+0.25,3.5814950665296803,23.00241151454702,121.0241213015848,13.014074911838915,7.73771976681767,5.115605367868068,2.0463065059504606,0.0,2.936499750023002,13.210580583984948,58.269453944263795,6.410899286108688,3.885391153439317,3.5807595554896463,3.9143626377254526,3.637214809987128,4.592886776010376,53.32556215170051,23.000890463373853,7.950245300784577,2.6570447203048513,1.9312945421473633,5.237138655262365,7.109278950461571,11.089870289626168,14.44524489195926,12.004188430501392,5.878309690700699,4.3435289793405945,3.8178474895399552,3.793748753013563,4.080887857962874,5.499617001723164,10.763075621529579,12.468307912008981,7.405544191939954,4.737086410736717,3.5224407993699933,3.503052786056209,3.607344589201361,4.652118755108563,23.458424978468457,480.6773208207636,7.801977692393401,4.6231301549884884,3.615636592901365,3.849633457650106,4.088707326395659,5.791868229171642,10.908295614594927,56.890025040217985,7.971728362495102,4.055714743543361,3.47915204347959,3.500177118557791,3.6557423686349777,5.6257521743781025,23.001409857853055,121.1484382496435,14.198519632442794,7.77462356851196,5.3373178498647045,2.1188945316691092,0.9305813068594814,3.4306133854073164,121.89964675800557,22.983371202804616,7.570470337162687,1.7546936426761033,1.7229817384126165,4.771344272750435,7.150782918791722,9.525391340988232,811.2860198660984,22.788912029553888,8.961786850348586,5.456132651835456,3.4988255334265603,3.514680892647102,4.234791209949478,5.692085896022527,66.90487750634838,11.357610058140796,8.093152592662278,4.360180399517241,3.748584633571963,3.5340332223215043,3.8317618235414908,4.690632861109982,3.3407737098071237,15.799867466070879,3.1995621308030096,4.096759863781737,3.8332883271715446,3.309765295662289,3.2987856576548276,13.00816236723016
R1:parametric:+0.5,6.732993413388691,26.694187916203468,145.8982875433731,14.981049113872308,10.489374538380456,8.38602160708072,5.195196871530435,2.936499750023002,0.0,13.961021711951807,61.724452898490846,8.087830724038243,7.098466146838127,6.653609473206066,7.451310521663186,6.4711618907003565,6.785725329841765,56.15738499960138,26.71199864273804,6.1703704531993,3.4104134898297587,5.470217170489765,7.872099598891419,10.0374924747377,14.487041043009409,15.484986491834475,12.085891970082876,7.825874161953849,6.8569335951070585,7.2369354871406415,7.014767413611652,6.779761815277176,7.6242621188371755,12.039482035982557,13.326114467667221,9.103823997333555,7.624284030379351,6.647411325848422,6.591137289033551,6.0056219026116615,7.167069167685899,23.978395294876883,479.32665090795143,9.39789768906241,6.493580015321842,6.797719603392844,7.317635937693448,7.548498456771606,8.027495222418457,11.910809112158324,53.691980838283236,9.077015926584275,6.589472137207646,6.561342189124259,6.598061961733388,6.535921377321314,7.031058628489154,26.706912986666506,146.10727680901286,16.58813732924982,10.517014194938124,8.559153363572964,5.292701627089781,3.2600222913296686,1.4077525907670994,147.00808688486615,26.702445386118267,5.816098715828911,2.065118937322283,4.6454830396157725,7.716615991990538,10.014695858000524,12.200309700114902,803.7636119603992,22.304620023525928,10.882820305866561,7.49258731065184,6.5230829613597,6.453213006457537,6.9951645656098975,7.931112568491216,66.9276503282598,12.406022748257831,7.805420831733417,7.184117236401705,6.785417714530529,6.583347135119223,7.014013970940543,6.507377613878269,6.249895924319289,15.576579245233857,6.1088079546399925,7.050440890471792,7.050322158049183,6.391829916918096,6.413767230524838,11.966913385651235
R2:open,12.23299969490289,23.91409574564174,148.05967501760955,16.16648234092618,14.4829335570771,13.746935325121548,12.503882679548147,13.210580583984948,13.961021711951807,0.0,73.0819196595389,27.131778834043573,18.937667591238498,14.53222801820502,11.771901079657058,10.288124364234678,9.801780046447112,56.40781284238574,23.90629606881885,11.49658844570152,11.719321645291869,12.036654322504658,16.881636369166387,16.646384899247533,18.127484231243535,13.4819259149831,27.459736789099406,17.40101184756639,14.539019203650158,13.33878508974867,11.867593068131525,11.751919576669621,11.818181900231025,26.195033696768434,11.650391489166095,11.504457024626085,12.374504137239136,11.934456435452502,13.361031700959364,15.440075189918554,14.681633269908968,22.140917381293665,451.38612755190627,24.737834398673943,17.78965932998044,13.786218725019154,11.748778644605851,10.480587182179109,8.335182594610659,5.217717394783644,138.7126030963825,30.430569980095413,15.779251494430616,13.2773920162273,13.860207300344975,12.329357927200723,11.393216930258511,23.904412237637352,148.27701448144424,12.995649975616468,15.030944699162937,12.844133456430995,12.638383100832725,13.157247829345252,14.038914289380472,149.19026432348056,23.9101307620428,14.934346433960588,13.395772756226167,12.758509980186842,13.65510642970252,14.14052808331078,13.498055823940621,682.2503908475711,22.11380470153167,25.367772962056133,17.13975967574996,15.99457955599903,11.368225174964818,10.436988615683068,8.401295265782172,93.9561177772134,4.895446361224123,30.042323069875323,16.294204368693283,13.07745532470265,12.020481637356669,10.89558245031607,10.802670522555381,13.816586572362782,18.431163621899927,12.117341241723796,11.772256230638442,13.330229480820787,12.106779320497639,12.37567535698259,15.855418243789842
R2:short,52.007315823830375,76.00845255349007,81.51395451365805,36.76756348642068,41.148113927708444,49.03700588377366,50.775413227970304,58.269453944263795,61.724452898490846,73.0819196595389,0.0,45.427454134948896,48.79510547970565,49.82945509858699,52.579343522272126,54.48612085057336,54.329940160790315,17.637858580044448,114.49632574888156,68.69455667039597,61.214851107539964,56.628382200451114,52.332176989203965,38.96666423364813,38.13598830714315,52.95587085082295,45.133241555776365,46.42404468668894,50.74405505507632,53.89307071474905,52.999267291013986,54.35053401203852,58.22021308630719,41.434464516241405,51.17164878642314,56.44022549490562,56.15259172228749,56.72122265062589,50.19034176121253,48.96534946413441,48.361258965132144,181.9637750911287,44.96237410952159,39.534047176588246,44.458787316281736,49.74311628993041,53.312623152169955,57.24110628539181,59.93018794049554,64.01102994380898,380.79314274057384,50.80964285320725,49.044606624111076,51.519441726668965,52.14448687302856,52.54092622352502,52.6872366059435,76.02184613254616,36.93808883037427,36.7718207544859,44.19504070462202,49.447395281934696,52.622483470841054,57.507810649125396,60.537561585177386,43.88804390192408,76.01693954603265,64.95631468512845,59.66728683607277,52.26196583392578,49.28135226339236,48.576898241642155,40.13066508944718,75.29052876675381,181.91733339003022,41.930127047134604,47.11519703436866,48.498806416621576,53.0403700445137,56.76593387646549,59.451725141966946,17.064043304574806,61.19838718688043,50.91195063724901,53.396252887819955,49.20677078776303,51.526953173622225,53.473113188108776,53.56704209579359,52.20266761198966,55.46602351393586,51.37493865195265,51.093762640308974,51.83625788158243,54.135400333289944,50.799799232196484,59.06677675034893
R2:parametric:-0.5,6.7701028206045075,26.658868399112688,69.50786325983488,10.672433295574693,7.737275693525866,7.258002851526542,6.869072773038668,6.410899286108688,8.087830724038243,27.131778834043573,45.427454134948896,0.0,4.341602047215412,6.029545301702267,8.108010014329883,9.17644005777482,12.338352593087665,44.5200634454225,34.28286519199313,15.698668003421881,9.912481263844768,8.425488721496931,6.742301006598187,5.863297980062027,7.852811822996075,13.190255648266309,11.029535768982727,8.670267693504048,7.63375932791451,7.266489412217555,6.218850007040943,6.594044589788856,7.596059011490985,10.72137103025611,11.381767899046102,9.131231942599971,7.079451833200408,6.782191433496173,7.143833757448281,8.003813859503435,7.875702925455391,41.32287507750452,436.9501680167339,3.3169471240041335,4.7301100280689985,5.9104411727070385,8.142581225858681,10.065995678317423,10.907755112986862,23.509797208228687,99.54711885880597,3.4195242498176226,4.2090338808374685,5.493653993226609,9.101585468612203,10.050639998325954,12.954491512099917,26.657965617653076,69.53558626206218,11.756151654484194,8.631458263400438,7.045715672176391,6.352328627296762,6.754954000246066,8.183993617302251,69.99886635021555,26.642012228744292,12.590381565604382,7.601343602194013,7.152613216211154,7.414165316376985,7.767484824522156,9.245643160001416,645.2341696400329,41.3093430364447,3.500339907079695,4.528944497245194,6.482956277668377,8.284705317443468,9.57335485364009,12.017264100113813,66.24573905778576,23.284415229207152,3.3592467004115956,4.387773538020054,5.284058778269374,8.082831909727563,9.686555877182544,12.48898987917919,7.922779961262337,18.891513022993735,6.8593539326584025,6.668144548495944,7.50032979444163,7.567275222477569,6.723110268411437,16.22385274697713
R2:parametric:-0.25,2.8343290370062757,27.415493471285522,77.88694590258238,10.918984595987329,4.903278557767081,3.333481597405957,2.903601486283328,3.885391153439317,7.098466146838127,18.937667591238498,48.79510547970565,4.341602047215412,0.0,1.9104488807496212,3.9279205063153158,5.040885235135306,7.397061390959608,45.47601432755108,27.428005276132694,11.87539972333286,5.854685603630172,4.154006074269012,2.6118803494467193,4.176126515239606,8.052681928139899,13.288058382850705,11.194412017262678,3.553084476795868,3.1433285602769456,3.0406469021102813,2.6154243569754616,3.1012196476370186,4.398434387305666,10.042384094596503,11.458002118008281,6.357436463828312,3.728587526546138,2.891966948342023,2.9433971013574363,3.29941443448876,3.307790687501456,30.251508761005184,466.7915940321643,5.611910986284026,1.7239632256883148,1.9298690950210342,3.957855404139076,5.689659271737098,7.056393137910414,15.792911704477849,80.98847637563472,6.221995074552381,1.2042599507468823,1.685849401860655,4.357610703354971,5.300834021063813,7.586851678037622,27.42443266857155,77.92320155449988,11.936136058443585,5.344327055333986,3.404025298925216,2.6666659457486683,4.024142309606218,7.431636351475492,78.42292859671076,27.422975561124407,12.099622122234074,5.303712330611533,3.043444678842373,3.3707429183456594,4.530933522068326,6.97649403176822,752.3577321793007,30.239718267714174,5.948220567789757,1.7018319352404396,2.053817689389222,4.140124014766089,5.4557393457167995,7.797637007431887,66.66203659410961,15.706557009984104,6.373206503687468,1.3754195882832174,1.5548551028109046,3.8687345304533722,5.258876445948305,7.3414865396946025,3.4696587991204777,19.95248409148917,2.921314144244479,3.0634614008197105,3.2206386397403506,3.4632617582908716,2.775414131156317,16.99377118677084
R2:parametric:-0.1,0.9625958662580603,23.93639588269021,80.51462356198614,10.607284330611538,4.5776061408319375,1.7940103571980375,1.6370338402169748,3.5807595554896463,6.653609473206066,14.53222801820502,49.82945509858699,6.029545301702267,1.9104488807496212,0.0,1.9186340654047127,3.0113951598614226,4.937540056013817,46.387725567787996,23.92862073760782,10.731831543590351,4.765227410917944,2.1473956016133204,1.606887350344525,3.811606480791168,7.518867696520921,13.089182404551197,11.568797704823295,3.490422700605891,1.7947265855462096,1.0458199408779139,1.126896001081785,1.9067074635574648,3.213905105935978,10.389326371486217,11.315607496584,5.425756358081061,2.5347932057803506,1.1596806318186903,0.9622420179445129,1.3877403155819699,2.2807464004645777,23.973334366937156,450.9825415547648,6.27160185195051,2.7515860967372068,0.8083313542675227,1.9455969039508665,3.5350669424850687,5.091675105620257,11.76443566175385,68.44161940273814,7.779909104189018,2.1387347793739147,0.4448391082187196,2.1066373519150017,3.0072209733625495,4.942954007954551,23.926742831499727,80.55373762511103,11.478165385951096,4.645088557483312,1.8733052994293993,1.6869308320646133,3.653644823466411,6.749559066798936,81.0641728812711,23.932443369857815,10.769153057768008,4.853791956233067,1.8330696193396965,1.8361350330596393,3.8228477708232322,6.511737785036518,686.0176710469735,23.96300140045236,6.635797766421222,2.817259176381843,0.7938672457104868,2.1378868088012033,3.4200988854170773,5.6410260859208075,66.75890439972395,11.739294258350453,7.908742458890384,2.1218384312783938,0.38678427206946103,1.8477393023354987,3.098587198878032,4.798481022009882,1.3690866356745879,18.47183374937361,1.0457153221833555,1.4847573714856492,1.1977460539343818,1.5015558080382623,0.9008758942049595,15.902549826156584
R2:parametric:+0.1,0.8816362810334032,27.647531871147326,92.08350724375619,10.802006062515353,4.720049152188791,1.784945417790966,1.8365240046086309,3.9143626377254526,7.451310521663186,11.771901079657058,52.579343522272126,8.108010014329883,3.9279205063153158,1.9186340654047127,0.0,1.2176714131583823,2.8130585220692965,48.63140564027754,27.640701426663252,11.939137450267578,4.9758497498809025,2.209716354556915,2.139240716438908,4.122731975238612,7.918454364895777,13.214378407121249,12.039442874045504,4.596349026723191,2.4949143397878575,1.1491214394766256,0.8990900673277468,1.8952595563158399,3.572309901011218,10.794007792568479,11.402781827766391,5.863767739415859,2.66527053799506,0.9412390817807376,1.0305698575472453,1.6707114295189138,2.993781564947781,22.814866370269733,482.0322444080311,7.777545534841663,4.0568494237103385,1.7975124369095017,0.8703143751376001,2.279414600551467,3.960819030378308,9.068944233326464,64.46009231518482,9.862264716703685,3.923405009847395,1.9052675341688188,0.3552741233146128,0.9950366021046039,2.773703837494574,27.652151173825878,92.14158105136136,11.82966312758807,4.830730919781316,1.9883785498977267,1.765070540322947,4.051129218399465,7.579951854017783,92.72377825694382,27.647849255538095,12.216480184899643,5.262623141179793,1.9423570064990965,1.6925508559228577,3.9378843859811776,7.100779779617472,817.8800032723053,22.821400570339012,7.79883887910855,4.091085218604055,2.0006759743899063,0.801657478523868,2.2589799819246297,4.2195736720455725,66.9158432322253,9.069083651277513,9.969349622246632,3.9469215560379705,1.9730249791635566,0.27704987711621576,1.1110619535015884,2.614135483085407,0.6452582348312516,20.61644471572127,0.8306412085887966,1.7018424562455536,0.761888337319411,0.4078917348327328,0.9482091418850603,17.556629822191713
R2:parametric:+0.25,1.951499796334183,23.04643480644381,101.1295478803085,10.547586073031177,4.5525658198772465,2.163770524919944,2.6418932038801284,3.637214809987128,6.4711618907003565,10.288124364234678,54.48612085057336,9.17644005777482,5.040885235135306,3.0113951598614226,1.2176714131583823,0.0,1.5374221524140304,50.19192419071713,23.042396362735346,10.273761160528743,4.386904038250311,1.9864172678374163,3.2171015255563504,4.308499837622617,8.066230203318513,13.173828794774678,13.434781423839071,5.87623435558396,3.30399508588564,2.08860938233806,1.8581033512609428,1.9358143196191302,3.5052020442212246,13.313214177858685,11.390755669525538,5.738111707687189,2.6494287338640037,1.8491332849428412,2.088345342558001,2.5275136183261284,3.8933009924982116,22.09907273604932,487.40000057067334,10.034092233473725,4.948326279685813,2.891483039386722,1.1516227221481585,1.9477640200706752,3.8332254205506375,7.328948520949962,60.579051048678906,10.898808512304123,4.92087672586592,2.940440207275573,1.2976199538553876,0.9186757076063552,1.367104427297116,23.049469497231385,101.20546868936052,11.538316199031836,4.654171149728135,2.0422138821199445,2.7856472608511127,3.6337222657990353,6.6003700427797725,101.84222405927841,23.04585988156531,10.465507295011918,4.588315885302108,2.7444642464580906,2.0293654915393704,3.805916325256074,6.762694426169131,843.4324011494097,22.1058016249647,10.022508940881593,4.9598055037478215,3.1461994097048103,0.9914802266660769,2.114093217359116,3.7201445854181,67.0042438397947,7.481608110052102,10.995658742849578,4.9644353611817245,2.992535737530858,1.2964658793856882,0.7909433046973139,1.468811103748347,1.8070913725935147,17.69586202366354,2.0128319286303946,1.922891535502096,1.892601965265579,1.632234863745667,2.120127144218564,15.284084985293578
R2:parametric:+0.5,3.654448125826187,24.66796116071868,98.32321136872406,10.522750693699855,4.700211758687835,4.011823826745727,3.6996581067820564,4.592886776010376,6.785725329841765,9.801780046447112,54.329940160790315,12.338352593087665,7.397061390959608,4.937540056013817,2.8130585220692965,1.5374221524140304,0.0,50.130939446424094,24.66661758366574,11.103747807258626,4.672223592215271,3.1048082821629794,5.399712133233689,6.30995673539136,8.374889354940498,13.164495278187285,12.674460679144444,5.840106145456057,4.113412798034816,3.8508294714161,3.357523830517279,3.2911045787957893,3.8569669956302826,11.698149651989317,11.374788067922672,6.05673204912221,3.660991923549043,3.5245308981442753,3.9211196730652644,4.237442034975337,4.544667831028137,23.196383804640828,504.83009144626277,10.220982030400377,6.799794498125104,4.708757250094299,2.786853340328489,1.895884487551753,3.385708292827045,6.637848771890269,73.32927210808573,14.388528144911776,6.8764867288787235,4.713023115462223,3.1127980200791563,2.074529235685864,1.4344112429066402,24.66713978322504,98.39175398921064,11.56293111620213,4.877495915091653,3.7666619732680515,3.8356732256352366,4.582559221558435,6.9135242582001055,99.00470790494383,24.65147929147663,10.876282718033226,4.891050667742822,3.794735449071056,3.8977175143955574,3.970572742002298,7.237040099173742,946.5642985180548,23.20393120174114,10.314991796907856,6.683243694783772,5.235531860994421,2.531277209779945,2.139997431399817,3.2777170031393736,67.11055173063878,6.651139594119987,14.43716143631186,6.988580311006399,4.734685682112686,2.9257124052587917,1.6957012997884071,1.537233203334091,3.699896538322433,18.511994510686783,3.5630531725331585,3.560222613382744,3.729913298287385,3.212865903684441,3.7362162260832674,15.959001028403794
R3:open,48.160656348002085,72.96844590723525,33.39441225290126,41.75752651775265,43.61540177691301,45.65183667918527,47.300761960335976,53.32556215170051,56.15738499960138,56.40781284238574,17.637858580044448,44.5200634454225,45.47601432755108,46.387725567787996,48.63140564027754,50.19192419071713,50.130939446424094,0.0,72.94717589883346,61.75588276259535,55.75102623536058,51.960295104882206,48.204874245759314,43.8241398731408,43.273808458799394,48.833981924145846,44.9916781811503,44.67911759854484,47.01486241882446,49.57114141047409,48.98621203827008,50.11818244376425,53.13890464683937,45.02866142079173,47.43866529791512,51.84066094745947,51.52713905265308,51.874025092503054,46.6730867677547,45.638837549447246,45.056431519027775,86.79722243462581,43.22021371237687,44.775710423021465,44.583720575333246,46.27483082526022,49.27253815297042,52.44915730918363,54.630460618676366,52.31621388166464,192.98243291297604,46.99328722780055,45.74884150280535,47.754109827545996,48.29162610573639,48.60410888754628,48.75142247319376,72.98035257121929,30.935138806997553,41.793032532938284,43.52566734701026,46.00134709410578,48.74978104160676,52.673227289274344,55.20186527606458,36.634934235977596,72.97565343610388,58.74681071626435,54.41237983425685,48.48176828554324,45.88385049749086,45.172937298830995,43.13109410810597,72.28868661271815,86.77251788334026,44.74466234138365,44.620533847484886,45.26705699834672,49.0691570531486,52.08047446038908,54.28558309530663,19.09098240958609,51.681859611099206,47.05366870016639,49.15866235213173,45.89342685697468,47.78735979366241,49.34078859377831,49.44594327659024,48.34083932438221,50.91778418426529,47.67845981108311,47.44689513399912,48.01803901347064,49.892857643841154,47.22331404133377,53.80346635227751
R3:short,24.324609998649997,11.417448725882075,2032.822922285726,23.607981588172162,25.343734958599644,25.687959416755284,24.31548662180844,23.000890463373853,26.71199864273804,23.90629606881885,114.49632574888156,34.28286519199313,27.428005276132694,23.92862073760782,27.640701426663252,23.042396362735346,24.66661758366574,72.94717589883346,0.0,25.349562614488956,20.710212348679406,27.886849827812213,23.731073725310523,24.070739747885295,29.555885069192495,24.153022415763992,44.57350296628227,24.352088244799994,26.219032584142624,27.197246769732526,25.32230480026337,24.31120099526482,21.91203368230545,41.32970353802307,23.351747051493682,20.02564477962147,27.130113335704692,24.24233633466398,25.572486259756072,21.22247039259858,27.532447852101303,26.918181286652505,61.65737928414571,31.979888664139157,23.833066002439484,26.956753107331505,26.818535649323966,27.691164601618723,26.620279481154764,24.286613420732127,211.09748224614168,38.1318372009761,23.19678951636773,23.388477717389303,24.123800277771696,23.836228402144975,22.294493959655487,16.37943391760113,2780.491055674095,26.490001209861347,23.32407758489245,25.169919171100357,25.942366115924536,24.64220991030419,25.294220730326685,3173.5917818636426,19.583054485757327,26.80073714009859,26.264965039097728,22.093655656806895,23.057901605911432,24.202883464638827,25.080202652459967,60.335467887419696,24.93476429658453,32.96451930751852,28.933492734008667,24.558603184305177,22.74408992229167,25.036869679768326,24.936909305638775,173.14821869463222,24.332766996065235,37.45798760547061,24.4576195310588,24.46568055358402,24.22236184174901,25.517840646270717,26.37322497456487,23.52727620755597,23.4664326701067,22.817493344767243,24.149994191064284,25.421821670939043,23.85544723970067,24.352199723903507,25.760870576533286
R3:parametric:-0.5,11.099078139979348,25.32675213741124,261.52105311428767,17.218929571138926,13.662378591675663,12.598371232943162,9.573378588893753,7.950245300784577,6.1703704531993,11.49658844570152,68.69455667039597,15.698668003421881,11.87539972333286,10.731831543590351,11.939137450267578,10.273761160528743,11.103747807258626,61.75588276259535,25.349562614488956,0.0,5.9956544475201,10.353655196510013,13.074460637880597,13.606915666681887,18.09877857098148,16.703327845882917,15.177443860847982,11.968122580289924,11.504607340942254,11.835982634283326,11.303711948348393,10.923467247459904,10.94555604743061,15.566816374404455,14.36465455841494,11.672634222714073,12.493265309580353,11.123728710145018,11.085789486911695,9.594512074795233,11.767668709390298,22.169726607595443,526.7609047195599,13.664338033974145,10.391566593277998,12.060664096418002,11.797550020286794,12.286612253703115,12.250149559417245,10.838687006508717,66.18873198366684,17.758478949459946,10.61913454534414,10.500180051969789,10.751085204018985,10.648186494062465,10.080151441594195,25.343049334920057,262.639795118179,19.12711125681312,13.608558327604365,12.656208266410568,10.196342765459326,8.334663951546988,6.870417078645685,264.3888007489094,25.334961216058602,7.283835126966993,7.8237282342653645,8.743191696737956,11.318646685487002,13.524439972631715,15.290528802325499,1111.742090910532,21.72724846256521,14.886342107540944,12.162516479789264,11.202399830325792,10.332091265340683,11.454087286014373,11.342066093137522,72.4550478538492,10.071884433585007,17.768207649929295,11.782468355894185,11.02398851327754,10.780147106905547,11.220382605240832,10.570532182059866,10.817750631933501,12.150719900684148,10.153554872094762,11.058173951108403,11.36509863448885,10.891292534432312,11.038003529322873,10.424749539498695
R3:parametric:-0.25,4.664097159977672,20.697718380621026,141.0510155518364,13.614940057543896,8.560079490946453,6.158469783546908,3.092592233741038,2.6570447203048513,3.4104134898297587,11.719321645291869,61.214851107539964,9.912481263844768,5.854685603630172,4.765227410917944,4.9758497498809025,4.386904038250311,4.672223592215271,55.75102623536058,20.710212348679406,5.9956544475201,0.0,3.0281703380844447,7.3259941077655375,7.895164971380198,11.815095013200253,14.822386907872879,12.688668952886543,7.59039733619952,6.210117576061171,5.813863233952876,4.812318589513723,4.945776008186236,6.261974615151015,11.827583122087258,12.794776612313813,8.019582415118446,5.5562193690700985,4.848184346852639,4.873924198971516,5.2847122004639955,6.382614611104202,22.413124753275028,501.0333257138287,9.20783364867319,6.118607077722563,5.290570914437871,4.889612152594241,5.150780252354384,5.968623400873965,8.969356244995474,56.94207336922136,11.5926254441592,5.662105578549835,4.8273339073179935,4.4969677486611195,4.4841523948410815,4.373957928605695,20.706644834216124,141.24059721206285,14.840894077618723,8.479920204393828,6.2865844338157615,3.5385612494873926,3.0622433338132033,3.51817949851606,142.11020789103955,20.706259826436746,6.139944118027924,2.719540929508422,3.288778822292642,5.5867669886617115,8.023368578674145,10.36898455459452,920.7604841301464,22.42046312657755,10.646477898192725,7.176272419276418,5.138017104320582,4.4727225462641815,4.9810332876163965,5.85319669079891,67.11283677339847,9.313923848232108,11.683303234024068,6.0300799246178975,4.751801839486916,4.514519165198382,4.833942132484968,4.440198403683913,4.387363697506368,14.5632835783018,4.333306961857526,5.085065657759176,4.850011975900094,4.356981332374991,4.3617985688308165,11.82821932160686
R3:parametric:-0.1,1.9538087016106727,27.895621742358273,112.08219544466327,12.127507383754535,6.537921017706127,3.6825743324118467,0.9949624963438192,1.9312945421473633,5.470217170489765,12.036654322504658,56.628382200451114,8.425488721496931,4.154006074269012,2.1473956016133204,2.209716354556915,1.9864172678374163,3.1048082821629794,51.960295104882206,27.886849827812213,10.353655196510013,3.0281703380844447,0.0,4.107752754573708,5.870871428570616,10.012144054895023,13.891376707005104,12.151874929821453,4.928386975838881,3.3212090535313235,2.6531569597975637,2.172942852715637,3.0165908119653717,4.533011093965259,11.435091925365018,11.980731264304728,6.614828137347344,3.713093326332703,2.102152195148701,2.211027234168875,2.678460544983309,3.6951922845872702,22.60621600934954,475.2698240827127,8.371829202187483,4.387033540914373,2.615362665854512,2.186881525565851,3.0304911562604557,4.964413104814055,9.370914964240491,66.06346387071443,10.218017166898141,4.116150687960199,2.0736953645396667,1.8309477237015828,1.9622563675030886,3.6889954603681003,27.901364882823756,112.18318476217438,13.389227826927979,6.625016225860274,3.8925543031737804,1.000937822085948,2.242714824367067,5.625305141355687,112.88374854303055,27.896506059691312,10.542523826351218,3.2763805018947836,0.9843991680366158,3.360597577374334,5.799159171471975,8.320395023595385,783.5367331553639,21.208390954239935,8.377968742044239,4.502908850061461,2.5890065095584176,1.9093575649429613,3.2297883233656117,4.856953556092027,66.94427403641532,9.74234037580362,10.321425787665188,4.145635190811946,2.2202137760690484,1.9029808090988167,2.185629075687555,3.092060101125405,1.7685519100069527,19.365495143898276,1.66728096926049,2.919247598286864,2.1455642663004957,1.715871442386485,1.6880807563614415,16.09472301571201
R3:parametric:+0.1,1.9195465144920685,23.73222171570567,97.4385214894839,9.212570343789652,2.9384728129779596,1.0053015440279442,3.179194821536349,5.237138655262365,7.872099598891419,16.881636369166387,52.332176989203965,6.742301006598187,2.6118803494467193,1.606887350344525,2.139240716438908,3.2171015255563504,5.399712133233689,48.204874245759314,23.731073725310523,13.074460637880597,7.3259941077655375,4.107752754573708,0.0,2.2962098552968366,6.144291006077841,12.424942400976303,11.60876004438447,4.720546082786675,3.1287312874838515,2.2831228536086154,2.3929999352837763,3.1718043020435034,4.039997496611698,10.402856135454444,10.750964415931982,5.060702060652304,3.488953450645184,2.816070507035666,2.2108519573525323,2.636677973883723,3.633416015714433,28.618625519699453,488.9101977466506,7.978138018983407,3.8698160980623957,2.098547030785369,2.7770772755587276,4.348311624986769,5.896527926493372,13.624700314876398,81.80150238501902,8.71530938067461,2.7592025642781786,1.6986679618727158,2.2822756157070376,3.2689064771160847,5.470495760185288,23.731693209977397,97.51222418864629,10.098787762939473,3.197591306463754,1.0687127150433982,3.2916758522049396,5.256397334901427,8.15511227646293,98.15103468903156,23.719062352823258,11.895463233332816,6.438344089765549,3.2338414161119386,1.1354725613305372,2.4362717016047646,5.121283887371977,859.6264950907936,28.606266423026923,7.997417295661857,3.700895600711019,2.150843969767782,2.8458849252639906,4.2454859828664055,6.187613288913213,66.79579738871989,13.553851118532263,8.836289487378378,2.480376167623127,1.5929951111858869,1.9684229157279345,3.3379806023893894,5.278480517437662,2.168720678350143,18.232370648901018,2.0486191719410733,1.9565536837334727,1.840159238297315,2.651302414065758,2.0374930404747724,16.05296803120507
R3:parametric:+0.25,3.8894847101306738,24.073650400568997,52.00922025037004,7.38091340561445,2.4638248988094174,2.4734019178336393,5.406008821706176,7.109278950461571,10.0374924747377,16.646384899247533,38.96666423364813,5.863297980062027,4.176126515239606,3.811606480791168,4.122731975238612,4.308499837622617,6.30995673539136,43.8241398731408,24.070739747885295,13.606915666681887,7.895164971380198,5.870871428570616,2.2962098552968366,0.0,3.309011008026052,11.395559685214511,11.064656919910728,5.122293983450057,4.509171834197372,4.150397450936624,3.940547843674036,4.4892554043932265,5.047312132298757,9.938709815453368,9.875576594484812,5.246915828571698,4.70050755046969,4.245888814402717,4.032025033729909,3.985687245749504,4.991632066058012,26.716743491869977,445.14591868069374,7.253598170450082,4.220697737649176,4.169792461019533,4.211453538988352,5.2736486412432075,6.313763906346186,13.752547623295754,73.19157848591882,6.685304198563922,3.906795182588114,3.8267622449230814,4.104066844460979,4.319982355682292,6.403665246372544,24.075948891156838,52.02072422621033,8.165256587123455,2.8284765940457457,2.6354292573552223,5.44875954500948,7.316639115414481,10.134611268008685,52.371018930832555,24.072956303034626,13.568268060978005,8.40859205813624,5.400198836988332,2.7343897923773124,2.44006412864231,3.9530423091138016,667.5599038017642,26.705943994893154,7.28048894854636,4.326966650170193,4.045809253674573,4.258684329365835,5.211616668728107,6.8572806691247825,66.60779990809019,13.703247105723017,6.827441122486416,3.6920336184917253,3.8557996644301307,4.037734479847075,4.34241527503138,6.212740626487221,3.9848279309238515,19.214782487410705,3.9320761269193545,3.609390968493202,3.7610265319758156,4.127866895177917,4.144826367602714,17.260070110242946
R3:parametric:+0.5,7.632829381050509,29.559658990805094,44.64984323472209,5.8634940992114695,3.8575301624241054,6.113123434355581,9.309255896671635,11.089870289626168,14.487041043009409,18.127484231243535,38.13598830714315,7.852811822996075,8.052681928139899,7.518867696520921,7.918454364895777,8.066230203318513,8.374889354940498,43.273808458799394,29.555885069192495,18.09877857098148,11.815095013200253,10.012144054895023,6.144291006077841,3.309011008026052,0.0,9.931153432471316,12.211362028688864,8.682570551303241,7.986688979556522,8.014660451999012,7.6555014054393276,8.221425520933375,8.92151762521078,12.267432542895202,8.596768832932327,9.011433378368013,8.505595800922862,8.126781236078953,7.627310509428274,7.236237503008109,8.613883717221263,27.884981065975524,408.40124486039684,9.118326782421397,7.680364401362919,7.929902566760832,7.915975900152418,9.076002898301534,10.083416788745046,15.31989767246091,72.63197439123815,8.235028513976474,7.572443779526416,7.529279674189527,7.719456308391135,7.524100468923537,7.990516594884679,29.5624123262026,44.65843150811451,7.08323003866451,4.28071928874378,6.282631362431727,9.263934180832463,11.468147333999484,14.557716708463145,44.988629247357444,29.55932818626142,18.366705426907256,12.494378752492006,9.18097499959126,6.361697759261378,5.382458582830975,4.10432655048659,557.8023110156606,27.874583184490472,8.780862512208554,8.226529112715392,7.631024528832981,7.943618833899138,8.996249749451376,10.100936894281833,66.32418442905558,15.262100445775713,7.352359414944269,7.441396719093975,7.611287510813366,7.561493409429706,7.617312262311635,8.427059375331632,7.497500449534342,23.84709237704451,7.562751764919578,7.251953686654182,7.496858472262185,7.885267570790005,7.887452163616604,21.709290072034257
R4:open,13.162076375606711,24.154237144836635,96.83203727756727,10.693503844938993,10.913948885817861,12.512796438261125,13.734723843303687,14.44524489195926,15.484986491834475,13.4819259149831,52.95587085082295,13.190255648266309,13.288058382850705,13.089182404551197,13.214378407121249,13.173828794774678,13.164495278187285,48.833981924145846,24.153022415763992,16.703327845882917,14.822386907872879,13.891376707005104,12.424942400976303,11.395559685214511,9.931153432471316,0.0,14.4789119110099,13.62897334548525,13.383826475353995,13.334116510634772,13.041007149975993,13.026781424885167,12.653971878969834,14.571812278368123,0.41315667602436545,12.270305225680314,12.926653351446058,13.0542678691067,13.314329845347855,13.175190188350495,13.565078253532603,31.10691109089317,542.6859911412351,13.866914872403616,13.374943006043715,13.353892513535765,13.16798046271931,13.12469889379368,12.939810224457842,13.611406796528447,46.04776987518319,12.812107075493046,13.015621987329084,13.053512540952882,13.231008779913209,13.228104023498016,13.233687274265664,24.15361274051538,96.90155567947052,11.367095583334763,10.68487712146167,12.415806194724247,13.850724008572747,14.548506248958766,15.587639019838852,97.52359445874225,24.139965515510664,16.73574319739215,14.973587882055432,13.791581061725903,12.431146551099653,11.288527894057296,9.665981732945752,1325.631987306887,31.117524499744317,13.79618678749672,13.450211277711327,13.290784980795564,12.973157863006575,13.012893358895642,12.92373622573275,67.21165493447899,13.734216799668669,12.596046922136575,12.897253460735811,13.069376808323351,13.194317196654627,13.235018793071207,13.372715366060373,13.174446406855997,18.073726341074142,13.12382655630179,12.75655819530791,13.139415752474102,13.186756310461583,13.267435095107546,15.55414267201919
R4:short,11.868806668320314,22.705585279556896,50.6724839710477,13.272708107025778,12.082041595975786,11.79884870442566,11.94023837667425,12.004188430501392,12.085891970082876,27.459736789099406,45.133241555776365,11.029535768982727,11.194412017262678,11.568797704823295,12.039442874045504,13.434781423839071,12.674460679144444,44.9916781811503,44.57350296628227,15.177443860847982,12.688668952886543,12.151874929821453,11.60876004438447,11.064656919910728,12.211362028688864,14.4789119110099,0.0,9.454854021243376,11.128008600315988,11.633823799908448,12.034253968826555,12.16059949916521,12.396783894388337,0.14965956871625707,12.953629217904805,12.630070337794786,12.286240319879202,12.0755317068254,11.637176760380548,11.42564395960896,10.730864922876393,66.15440846739124,158.76291415879308,8.157980757172007,10.538399683402867,11.466423816742846,12.941964277758963,12.754854473409136,15.420551436868452,21.164929709678216,197.50568786561038,13.931271387426394,11.369529231021149,11.688621089552694,12.068264668892411,12.116389521639354,12.333005267684419,22.696418573059017,50.685107353908826,14.43235042169733,13.35747410403909,11.893561385784706,11.831702610589419,11.927509058042167,11.883832670531902,51.056359900619874,22.701831904137173,13.230155387976117,11.916718598744504,11.869289144936284,11.890726255493371,11.982945070178255,13.164742949589213,161.72574454320585,66.12383704428264,8.314838053313503,10.464643614704139,11.442047808999714,12.315349254216956,12.971749407916349,15.365334361495924,64.78780090355984,20.557157488624004,13.914274088119427,11.42343746889631,11.668391530889355,12.186005320159666,12.126738576383538,12.352211651405204,12.0507388653319,17.653794908520478,11.843598193315973,12.078768083138941,11.9011029103693,12.092187142015602,11.882454452312219,15.259903825791568
R4:parametric:-0.5,4.436918803525353,24.05260255525078,72.42081038827159,10.688656674045632,6.6000800971428175,4.882818449751562,4.229559023190326,5.878309690700699,7.825874161953849,17.40101184756639,46.42404468668894,8.670267693504048,3.553084476795868,3.490422700605891,4.596349026723191,5.87623435558396,5.840106145456057,44.67911759854484,24.352088244799994,11.968122580289924,7.59039733619952,4.928386975838881,4.720546082786675,5.122293983450057,8.682570551303241,13.62897334548525,9.454854021243376,0.0,2.665354691150228,3.6062472641426173,4.658192396974503,5.889072132334949,6.975184204216027,8.56453159743402,11.766735907269005,8.612867070983397,6.41682927193377,5.090616799178709,3.8742041980852364,3.1799357741161836,1.9350884347296538,31.500748733272722,342.8364677162666,6.311812667813647,2.9842841263076973,3.260188087208278,6.150477166454677,6.776013651678248,9.038100890585177,13.683291636357033,93.74899650631171,10.860439345015948,3.893342948005023,4.301696111339698,4.5032298896494405,4.60953115219424,5.083384689631635,24.04450438945397,72.45182955342675,12.9459515436947,7.95666705995575,5.739478289775284,4.022251185389153,5.301654885102258,7.232014126026268,72.93153738489961,24.04287496756037,10.510068374302481,6.247152314351014,4.07521143575074,5.582789027268484,6.881275350976481,9.05679906244953,414.05396048267306,31.486281422841262,6.35805462457494,2.9611449692095415,3.1678273893913054,5.249124906119164,7.118413992479301,8.946675914817172,65.99138897487703,13.57840351560986,10.94866213403623,3.9248877106135445,4.223342534217066,5.028121680429329,4.64221167142611,5.123708046445218,4.7994815861535205,18.070342198218565,4.507837244584684,5.890127314988358,4.687977236799217,5.165761429496225,4.689302882463332,15.577049571148178
R4:parametric:-0.25,2.2871832657687676,26.220475529363533,86.95268931848773,10.684820187772516,5.494312889453159,2.896530710729828,2.351265211422349,4.3435289793405945,6.8569335951070585,14.539019203650158,50.74405505507632,7.63375932791451,3.1433285602769456,1.7947265855462096,2.4949143397878575,3.30399508588564,4.113412798034816,47.01486241882446,26.219032584142624,11.504607340942254,6.210117576061171,3.3212090535313235,3.1287312874838515,4.509171834197372,7.986688979556522,13.383826475353995,11.128008600315988,2.665354691150228,0.0,1.4046450965831898,2.79251504544509,3.9028229816904405,5.1954277745094375,10.01071210320424,11.55052954132192,7.105062923088588,4.532220354064782,3.0009238580791986,1.6473105989914407,0.7393598423734415,0.8080520950260225,25.197549750558995,423.5582842680553,6.034412444987398,2.642324790640643,0.9636976001218297,3.734542614053692,4.668134272944654,6.692239669248953,11.489775411561373,74.82846633510903,9.53834781215578,3.2098720385330908,2.2319275722856906,2.3108165111795773,2.2200087961520243,4.086600870678993,26.219420166616082,87.00385952213124,12.407616269305414,5.875146509656142,3.555652800963838,2.2720315525170087,3.7141094519300224,6.909762616086374,87.56585915184823,26.20185164861629,11.146895513228621,4.921838628232881,2.3985986753817947,3.458290343553485,4.960307644187359,8.400470319218261,597.37912878923,25.18601661000035,6.063885008574552,2.6373473059482766,1.0832140636626222,3.2118276768879586,4.919161828924168,6.5925454959773235,66.60685262061814,11.45405296825132,9.64907270492221,3.2782060166216773,2.102143561772701,2.5482730983655717,2.294535300905895,3.947877135613027,2.4943398921177775,19.132786738896804,2.313389589577398,3.641541568024186,2.462500911550858,2.9208045142720906,2.314754878493265,16.414642771294382
R4:parametric:-0.1,0.8754991634412749,27.206093076402876,102.55376778765758,10.862251127654531,4.8205356294651285,2.049177560331624,1.7320770552902274,3.8178474895399552,7.2369354871406415,13.33878508974867,53.89307071474905,7.266489412217555,3.0406469021102813,1.0458199408779139,1.1491214394766256,2.08860938233806,3.8508294714161,49.57114141047409,27.197246769732526,11.835982634283326,5.813863233952876,2.6531569597975637,2.2831228536086154,4.150397450936624,8.014660451999012,13.334116510634772,11.633823799908448,3.6062472641426173,1.4046450965831898,0.0,1.5282965089553762,2.5331559227592986,4.040851803555018,10.438765333654796,11.50005099791006,6.2343065786905525,3.209198853650654,1.597822669043878,0.219430013540267,0.6078223696802838,1.931603128963722,22.856745224233087,465.469459403734,6.996543446864674,2.8901334488682693,0.9610856212454327,2.1179121998941244,3.4391484446037497,5.00962651569624,10.540783979357448,68.01690647638517,9.051731484715438,3.1338887024048163,1.265749624495045,1.1427600841420704,1.9107142872472416,3.797424060431474,27.19511014936669,102.63642192460583,12.011499596266459,5.0965227425775765,2.4016422022897164,1.6671594266738572,3.8747093679450813,7.367333816898874,103.29679875341616,27.201596036120876,11.942875609182586,5.1605797021201525,1.7964261133389765,2.263686613711242,4.169067105601274,7.5523159142609,743.3931618471722,22.846251467512083,7.0210167901853975,2.95285033918261,1.0825749434955256,1.9640032602240167,3.3869969757751144,5.250460925077787,66.7881983201201,10.5250765622703,9.16750577599866,3.1406368541202445,1.2906558370656867,1.0138073810655297,2.056198565379288,3.679822332455943,1.041524301857788,20.525881831055003,0.8761400777081635,2.2883968582684666,1.002470090677152,1.4322077285561332,0.7810425503627746,17.464665607832654
R4:parametric:+0.1,0.7318506308407785,25.330484065931323,93.68371901381703,10.644950703502781,4.57143533827613,1.7313611471009958,1.7921188178078187,3.793748753013563,7.014767413611652,11.867593068131525,52.999267291013986,6.218850007040943,2.6154243569754616,1.126896001081785,0.8990900673277468,1.8581033512609428,3.357523830517279,48.98621203827008,25.32230480026337,11.303711948348393,4.812318589513723,2.172942852715637,2.3929999352837763,3.940547843674036,7.6555014054393276,13.041007149975993,12.034253968826555,4.658192396974503,2.79251504544509,1.5282965089553762,0.0,0.8451877185950832,2.4254982164221395,10.78973081467057,11.27489554811881,4.782874506388129,1.5482610927637968,0.226837764562271,1.3550269021334522,2.0423941183168943,3.2392952253165124,22.733474693132727,481.3556293168313,7.399509617719269,4.041388223395046,1.9722761601057444,0.8452911509876754,2.2848135876434,3.9619288603794565,9.156219267400143,53.94849978812579,7.670624140389383,2.7664436586573675,0.9770808728150033,1.134939333135813,1.6853180720448997,3.496809401544017,25.320329288193204,93.74451652628774,11.55011113536184,4.645720968034234,1.7306401394954114,2.07217619767372,3.906447179675068,7.103141232701641,94.335291322061,25.32632611747254,11.355233854241103,5.116108707420422,2.2348171087342754,1.3816951942944617,3.8063550820442758,6.408817355768436,814.4586108200058,22.739981452920972,7.517599546312836,4.076098727991937,1.8857407329154698,1.026100116363105,2.264458112408139,4.219721262224233,66.91394998964029,9.510924208027335,7.792247921500235,2.758397712178877,1.0801745062392731,1.08259754347228,1.8319419126619791,3.1867242359311847,0.8557401046121521,19.409334616970646,0.7510054444591835,0.6058401777762058,0.6804000135750592,0.5665729265132815,0.9088954365077326,16.649015679767455
R4:parametric:+0.25,1.6847939426920346,24.315923047089264,99.30458965090713,10.60508063334152,4.617183806789957,2.4058341484622954,2.528162355705159,4.080887857962874,6.779761815277176,11.751919576669621,54.35053401203852,6.594044589788856,3.1012196476370186,1.9067074635574648,1.8952595563158399,1.9358143196191302,3.2911045787957893,50.11818244376425,24.31120099526482,10.923467247459904,4.945776008186236,3.0165908119653717,3.1718043020435034,4.4892554043932265,8.221425520933375,13.026781424885167,12.16059949916521,5.889072132334949,3.9028229816904405,2.5331559227592986,0.8451877185950832,0.0,1.7023639600484268,10.904943911638032,11.257635142975143,4.21023533659317,0.7661520833129509,0.9649728114860272,2.3628206642316427,3.0568953901741946,4.370002629961692,22.357575379716145,478.72997421246777,8.844957595469399,5.104525035478957,3.025502103068123,1.157292968622291,2.1782992858384316,3.72897766092173,9.01318945707712,53.47065638642565,7.676733249590809,2.79804866003065,1.6337379191409935,2.0600373190091146,2.5359222520163387,3.4113280352393174,24.319352957034937,99.3757948893803,11.595007687562429,4.727157613121137,2.2190207206466677,3.1061048651197654,4.8930285114099865,7.455366640013221,99.99767312991693,24.315548333775347,11.09365290319653,6.065978153860919,3.237699013984367,2.048116831900395,3.850165002626248,6.383944117529587,800.1479022762846,21.676343540657335,8.862626463580606,4.934328548843795,2.8987148455308707,1.1878111685405195,2.1573838177948557,4.117661347813296,66.94885924499197,9.353237061702183,7.7979564243553385,2.790397138285805,1.8824231753219567,2.0336608971306873,2.637734838582949,3.566116081533396,1.7653074389560055,18.061674787762332,1.7162447150565312,0.9682196707417924,1.6208506107781266,1.466913287387163,1.9253551041348274,15.568674921919163
R4:parametric:+0.5,3.2279895943215435,21.91316531151744,127.9398267121667,10.364689399292143,5.13851247031397,3.0514872478284425,4.056798688986877,5.499617001723164,7.6242621188371755,11.818181900231025,58.22021308630719,7.596059011490985,4.398434387305666,3.213905105935978,3.572309901011218,3.5052020442212246,3.8569669956302826,53.13890464683937,21.91203368230545,10.94555604743061,6.261974615151015,4.533011093965259,4.039997496611698,5.047312132298757,8.92151762521078,12.653971878969834,12.396783894388337,6.975184204216027,5.1954277745094375,4.040851803555018,2.4254982164221395,1.7023639600484268,0.0,11.30439588194975,10.964291320874086,2.6444015555510894,0.9462842420399128,2.474411733879353,3.9847625104868776,4.3917331678473195,5.613631570879901,26.246469459813856,511.12749283246734,9.560878617890321,6.276297503829484,4.3939550030744865,2.880748165469416,2.269810927349878,3.744406276162837,9.092661719242473,49.80890579605817,6.896721938272238,3.6857382939141354,3.063355620804788,3.6310888307926525,4.0796549171165735,4.574371070639396,21.912715201904227,128.0921108771182,11.176971716728,4.905560515696386,2.8552461372184834,4.6487154084148115,6.250323167282274,8.527524127715122,128.90464729060417,21.90057135233512,11.316097267935081,7.314984106121358,4.7357718343094195,2.660130425712157,4.29057444265811,6.155872222149578,997.369051271655,26.25444075024339,9.578820602009051,6.117215105895281,4.251779685010999,2.8226663028943926,2.2315765308305853,4.102582938600699,67.03379956445669,9.447784469279476,7.018506915712341,3.3389619115728837,3.315805441312037,3.638800253953066,4.230109754725243,5.098189105090696,3.355447431516777,16.837431963877215,3.3123512007757303,2.1568190911283702,3.251749161735556,3.0839795880580394,3.433764986998228,14.618478154402203
R5:open,10.644988982021765,25.615927474997445,51.978187871330405,13.305271156938826,12.003350928261137,10.578541282761144,10.706189892443797,10.763075621529579,12.039482035982557,26.195033696768434,41.434464516241405,10.72137103025611,10.042384094596503,10.389326371486217,10.794007792568479,13.313214177858685,11.698149651989317,45.02866142079173,41.32970353802307,15.566816374404455,11.827583122087258,11.435091925365018,10.402856135454444,9.938709815453368,12.267432542895202,14.571812278368123,0.14965956871625707,8.56453159743402,10.01071210320424,10.438765333654796,10.78973081467057,10.904943911638032,11.30439588194975,0.0,12.56123456368517,12.140243567911938,11.084197310039535,10.819069516521195,10.44623195616704,10.259259376883563,9.664146907983742,59.38459468899251,143.17988032601966,7.895943278901899,9.470152903463624,10.286609684118847,12.83745530562595,12.210771964656011,15.325787235255717,20.275799321168723,176.94043956544752,13.546103312580142,10.20137689067332,10.487265272516712,10.812011232429473,10.861674836694183,11.571674404968677,25.620092941071647,51.99189190285252,14.485315542326394,13.28057398325923,11.480777263484649,10.617894513957802,10.68041312415713,11.508279861053287,52.37304102057375,25.61591273646274,13.553593942713844,10.685183853527194,10.64277730911136,11.101443554082055,11.76072017600901,13.10299175329459,144.6235016477659,59.35724410253154,8.036405605002898,9.408689137111448,10.264534485681283,11.032465920493102,12.886346265954364,15.269832544361945,60.558965527997465,19.75920797433597,13.545078373243191,10.240049960610893,10.470424889240702,12.072664832126918,10.87658780815304,11.770109356436983,11.064070696153655,19.008546549637686,10.626158525471478,11.88246632113245,10.668958849453219,11.165961124475443,11.263518932474303,16.31216077120288
R5:short,11.369283463229637,23.355811517449432,86.97877277954163,10.62865058754006,9.48657494785249,10.809942980482585,11.863073297653436,12.468307912008981,13.326114467667221,11.650391489166095,51.17164878642314,11.381767899046102,11.458002118008281,11.315607496584,11.402781827766391,11.390755669525538,11.374788067922672,47.43866529791512,23.351747051493682,14.36465455841494,12.794776612313813,11.980731264304728,10.750964415931982,9.875576594484812,8.596768832932327,0.41315667602436545,12.953629217904805,11.766735907269005,11.55052954132192,11.50005099791006,11.27489554811881,11.257635142975143,10.964291320874086,12.56123456368517,0.0,10.66183797050287,11.158363644686732,11.289490893615083,11.490339079994056,11.41313383934129,11.692788866030142,28.144941011216755,533.6180802952108,11.940036511823813,11.552711055611628,11.51729237322996,11.360350464360259,11.318356525994028,11.16659981745003,11.766215036630593,44.87482866602739,11.040624658077505,11.253625996016169,11.286596737520272,11.429548195546523,11.428521765206758,11.446858441494808,23.358855699292526,87.02869075921214,11.294517743117858,9.288601838881856,10.736215202372183,11.942957303686102,12.547188600352877,13.41786285377547,87.58364870152226,23.35525811235544,14.38927859981361,12.894309091788463,11.917016854996014,10.766912212311905,9.792698665147721,8.400190302747056,1202.875167129458,28.154553102617644,11.897500670122167,11.591794520266633,11.478189252117476,11.230704799574081,11.24137125612861,11.166597905800382,67.20265155897471,11.854167139341719,10.88966304698157,11.148419160947444,11.294077869068616,11.397263024745769,11.42344303329246,11.547596194932966,11.389768953786005,18.029427838607965,11.355947596632426,11.036194323770694,11.342998393773627,11.39400271377766,11.458312835051002,15.535862371227735
R5:parametric:-0.5,5.533138454478444,20.03213957993896,109.72375858973727,10.16617632549656,5.337008902107312,4.568981619811699,6.202839384742506,7.405544191939954,9.103823997333555,11.504457024626085,56.44022549490562,9.131231942599971,6.357436463828312,5.425756358081061,5.863767739415859,5.738111707687189,6.05673204912221,51.84066094745947,20.02564477962147,11.672634222714073,8.019582415118446,6.614828137347344,5.060702060652304,5.246915828571698,9.011433378368013,12.270305225680314,12.630070337794786,8.612867070983397,7.105062923088588,6.2343065786905525,4.782874506388129,4.21023533659317,2.6444015555510894,12.140243567911938,10.66183797050287,0.0,3.527730430878493,4.853945902163328,6.193051391644338,6.394559155545424,7.459435677715535,25.581763002857233,514.9596665689346,10.747684404991316,8.024508053715184,6.4118555701910624,5.283562272180439,4.5144981960376525,3.6773915450981005,8.704502016138978,48.77250685831578,7.656232144350733,5.735817785794261,5.203642725808979,5.8514524235904055,6.232118752133012,6.646227685861442,20.024076111119747,109.81782663883823,10.82207872408308,5.113261908538796,4.416195461326294,6.728266059492057,8.018488977749506,9.811936112165501,110.5003843503369,20.028837933303855,11.947008166633088,8.85727232212026,6.782059071950715,4.526501822261571,4.526600940889036,6.117605348888113,1024.1506403964313,25.58994024400297,10.764970275897667,7.884797199849224,6.265570384913368,5.171871570849709,4.530074437483709,3.709769381630105,67.1024206829709,9.030349203962745,7.563444659317176,5.318114089223717,5.44682995260031,5.879773006404644,6.3907275081225885,7.107066531917864,5.6182304848222016,15.841396644308578,5.618143063038858,4.60466278542353,5.558295204882356,5.39376450300467,5.7061526740007,13.825259385951995
R5:parametric:-0.25,2.3871622100690497,27.1388473561639,111.06400496856268,10.728427776176037,4.753808876564226,2.6346978570095914,3.2259914045187923,4.737086410736717,7.624284030379351,12.374504137239136,56.15259172228749,7.079451833200408,3.728587526546138,2.5347932057803506,2.66527053799506,2.6494287338640037,3.660991923549043,51.52713905265308,27.130113335704692,12.493265309580353,5.5562193690700985,3.713093326332703,3.488953450645184,4.70050755046969,8.505595800922862,12.926653351446058,12.286240319879202,6.41682927193377,4.532220354064782,3.209198853650654,1.5482610927637968,0.7661520833129509,0.9462842420399128,11.084197310039535,11.158363644686732,3.527730430878493,0.0,1.684112475721038,3.1086646960465663,3.704508136893037,4.9751965291186195,23.574926665701604,494.4748001385382,9.186957083148265,5.674665514323547,3.691429977821805,1.9439705761931252,2.4014785044691314,4.033911877633718,9.788504418105228,62.45482406681091,8.55302201742757,3.0132395806113563,2.325841362144523,2.7756522895478675,3.2418150650262176,3.759153496174284,27.128003835470963,111.1638597445818,11.631003223255632,4.639201508360833,2.4424942867202226,3.8179891779407704,5.5267410939742225,7.970639418175451,111.86347837253913,27.13440739683483,12.260213900936332,6.659452100974795,3.926850800417614,2.2611940604916083,3.843445317057096,6.444134022918389,884.5997487652014,23.58199006969913,9.204834641883021,5.50940773031281,3.5554493737950854,1.9287882516304307,2.340073565292468,4.4916051503852685,66.99382202798348,9.786182135861754,8.672250303136977,3.014344614341526,2.577704771260802,2.7669194017171495,3.3708919103818107,4.278768677521734,2.488175957128821,20.56523631154001,2.423861179510232,1.3537276632634276,2.359528117860406,2.201099534925003,2.6479714654873074,17.541528902863117
R5:parametric:-0.1,0.7292732929079401,24.247066254702705,119.63335758481757,10.695596934471116,4.693762828716438,2.008219224980152,1.6457821487200102,3.5224407993699933,6.647411325848422,11.934456435452502,56.72122265062589,6.782191433496173,2.891966948342023,1.1596806318186903,0.9412390817807376,1.8491332849428412,3.5245308981442753,51.874025092503054,24.24233633466398,11.123728710145018,4.848184346852639,2.102152195148701,2.816070507035666,4.245888814402717,8.126781236078953,13.0542678691067,12.0755317068254,5.090616799178709,3.0009238580791986,1.597822669043878,0.226837764562271,0.9649728114860272,2.474411733879353,10.819069516521195,11.289490893615083,4.853945902163328,1.684112475721038,0.0,1.4132170684693612,2.1554394011151308,3.494456605391001,24.933804195224283,495.2789713687384,8.245593691531928,4.261971935499863,2.090749300471978,0.8154596506232673,2.4346809552591835,4.193106199962613,9.42929500201325,60.29722465980749,8.418156593391778,3.016686210020317,1.0978291368568807,1.1789194726793886,1.7216058147863,3.4447060520177244,24.250502514616223,119.761243903186,11.660096390283163,4.802859231421728,1.9247589039230402,2.1563038866159023,3.9306380848780336,6.778154080170506,120.52780840565221,24.24668934039767,10.860685367697302,5.032724911237662,2.3193318218218204,1.62475201141894,3.9391557576429728,6.470958963028212,892.0425617605969,24.94093665772484,8.26438757661156,4.198992371459552,1.9860098454278348,1.0079720865147357,2.401956838978976,4.48000524379011,66.93364090830929,9.43190352584738,8.537725301107525,3.016774660612846,1.2018167836014026,1.1271494774580182,1.87207953504226,3.3503144848794872,0.8906366906578757,18.417484324014634,0.7514076771957344,0.7316398990938989,0.7114791776802535,0.5926541204439588,0.9267889066772763,15.833287235812472
R5:parametric:+0.1,0.7229572217299493,25.5606896797125,82.1266179663301,10.68491591885965,4.670720854594596,1.9759285808944795,1.5492229746427386,3.503052786056209,6.591137289033551,13.361031700959364,50.19034176121253,7.143833757448281,2.9433971013574363,0.9622420179445129,1.0305698575472453,2.088345342558001,3.9211196730652644,46.6730867677547,25.572486259756072,11.085789486911695,4.873924198971516,2.211027234168875,2.2108519573525323,4.032025033729909,7.627310509428274,13.314329845347855,11.637176760380548,3.8742041980852364,1.6473105989914407,0.219430013540267,1.3550269021334522,2.3628206642316427,3.9847625104868776,10.44623195616704,11.490339079994056,6.193051391644338,3.1086646960465663,1.4132170684693612,0.0,0.8279611468934815,2.1780036327467274,22.805841557152117,458.2963391441665,7.313442369746865,2.9855159825883177,0.9710956987929272,1.9017190188680022,3.2359712385185313,4.818027650021034,10.580756387999843,67.64163955201361,8.918736991008313,3.0491586136919806,1.1915341458156763,1.0746799354877201,1.9885879218315532,3.8709509863655818,25.569117876731077,82.16824860154699,11.928690044448627,5.045633308216715,2.330778699106732,1.4877269859641191,3.5283040139426878,6.9054333173564855,82.6896398115428,25.56824067372652,11.282947778478144,4.834987913889379,1.6284579383548203,2.1889980161203764,4.112464519630635,7.51348158090414,713.7154850762811,22.795423200667035,7.335161018708245,2.982788711283523,0.9939924094411926,1.8184382625761382,3.194495663685783,4.999318530889679,66.78414710420206,10.565370290757972,9.035825034198664,3.0536679810981187,1.2128982279402079,0.8958917351288432,2.130051852162998,3.752432516666176,0.9174149491434195,18.507694537997452,0.6976165876918442,2.2122182820702307,0.7894995639786995,1.2212824574992283,0.623785105982802,15.909561243118935
R5:parametric:+0.25,1.4568811566869828,20.892664152763846,78.06609210732326,10.315523224760717,4.788137524148979,2.4177906056142184,1.8653525482777737,3.607344589201361,6.0056219026116615,15.440075189918554,48.96534946413441,8.003813859503435,3.29941443448876,1.3877403155819699,1.6707114295189138,2.5275136183261284,4.237442034975337,45.638837549447246,21.22247039259858,9.594512074795233,5.2847122004639955,2.678460544983309,2.636677973883723,3.985687245749504,7.236237503008109,13.175190188350495,11.42564395960896,3.1799357741161836,0.7393598423734415,0.6078223696802838,2.0423941183168943,3.0568953901741946,4.3917331678473195,10.259259376883563,11.41313383934129,6.394559155545424,3.704508136893037,2.1554394011151308,0.8279611468934815,0.0,1.3395378308923214,27.11830572019697,452.62270302737005,6.161856618935009,2.7749748028729937,0.9979325773592266,2.7241435945778156,3.849066007441958,5.556903399656577,12.178818836765386,80.63598614535391,10.004855654042013,3.332629093015475,1.6620581937251895,1.6300504933768611,2.109781870448986,4.229437777239839,20.88422669574034,78.10229120239758,11.67782366522614,5.290715816433863,2.7460521801709494,1.758713069592378,3.245596207836085,6.072270865381739,78.60105378757031,20.88920937390687,9.594010621996603,4.341656956037795,1.8858861004244531,2.625405682724318,4.408156829772289,7.621842104979562,692.9818413511038,27.10586884985716,6.3740614069802435,2.763850838246,1.1600888017758713,2.4193628942274623,3.935593897791613,5.571680515978897,66.7185972147875,12.12425350821492,10.109109010435697,3.3508348019684657,1.701029394761331,1.5890486091345475,2.2465855388418463,4.075070803482605,1.5981766940221087,16.423014559314623,1.4660874645069915,2.701609685248938,1.595962947360175,2.0215010025278874,1.40602118685685,14.28302133844721
R5:parametric:+0.5,2.7974866120748336,27.519375638946112,77.5243738949272,10.90483963180324,6.102484738531759,3.39157597624175,2.750513202813006,4.652118755108563,7.167069167685899,14.681633269908968,48.361258965132144,7.875702925455391,3.307790687501456,2.2807464004645777,2.993781564947781,3.8933009924982116,4.544667831028137,45.056431519027775,27.532447852101303,11.767668709390298,6.382614611104202,3.6951922845872702,3.633416015714433,4.991632066058012,8.613883717221263,13.565078253532603,10.730864922876393,1.9350884347296538,0.8080520950260225,1.931603128963722,3.2392952253165124,4.370002629961692,5.613631570879901,9.664146907983742,11.692788866030142,7.459435677715535,4.9751965291186195,3.494456605391001,2.1780036327467274,1.3395378308923214,0.0,25.646979608017936,407.3325739301866,5.734226379875187,2.797043563460285,1.5139913669811302,4.290232950407998,5.156687871595431,7.217626708783873,11.565758220616665,76.51132648430362,9.813603280664923,3.731048752195953,2.7255843146462206,2.8613356596789954,3.027112344917936,4.018526037047923,27.528715226142896,77.56097126766763,12.908425281610207,6.371878465574748,4.0656246220040995,2.689654623042034,4.06426299463232,7.298887480933218,78.06421756579351,27.52697102243527,11.946760269663068,5.090712673779137,2.806031298976728,3.9565683538644607,5.454220513830708,8.989693670938463,553.38684707108,25.635159696056146,5.755904063076259,2.7872709492320844,1.581235316120129,3.6932077503094267,5.424891981526894,7.120015657773135,66.47335827617829,11.525910797891914,9.920865785715334,3.768099663873806,2.582869034762347,3.1247429028851634,3.079110291467726,3.8707513894777943,3.0357093259660406,20.469446772842314,2.832934850551754,4.164240687052374,2.987592347777218,3.4470772800020972,2.8715719975701246,17.40558857585503
R6:open,22.58416123416582,26.920715530248064,2096.174627767,28.744358334948778,25.110179204960236,23.802919676719387,22.945730780270154,23.458424978468457,23.978395294876883,22.140917381293665,181.9637750911287,41.32287507750452,30.251508761005184,23.973334366937156,22.814866370269733,22.09907273604932,23.196383804640828,86.79722243462581,26.918181286652505,22.169726607595443,22.413124753275028,22.60621600934954,28.618625519699453,26.716743491869977,27.884981065975524,31.10691109089317,66.15440846739124,31.500748733272722,25.197549750558995,22.856745224233087,22.733474693132727,22.357575379716145,26.246469459813856,59.38459468899251,28.144941011216755,25.581763002857233,23.574926665701604,24.933804195224283,22.805841557152117,27.11830572019697,25.646979608017936,0.0,604.2334825584533,39.19296024105805,28.553323742619888,23.493413731068227,24.037343453005708,27.908575292990168,22.17330980156497,28.222751350127886,850.5925413381649,45.65952777477194,24.130127296789066,23.069167403396392,25.222643267081114,23.289475909237417,24.306543681443625,26.9246608301968,2949.6037240525707,22.327815945983584,26.343224579212023,23.859735083494574,23.05023403064585,28.10858437260026,24.03631089233655,3429.327822797163,26.91391625970431,24.645901495869314,23.451428128088764,23.18887030959139,23.850991852605382,25.62869076160883,24.681177249493608,9030.559070053469,0.39579803655092716,40.54644278043232,27.281201360913563,26.819681637657727,24.294897431865934,25.081267028201133,23.624977347945944,825.1280981622117,26.347780231194793,44.69369850245123,26.048428420410495,23.130899099566328,25.32376073399285,21.523943411476047,22.929459670532463,26.457847814517162,22.580390620597687,22.566709471245613,22.919460440691047,23.723051424731626,23.238108767159368,22.754720991283595,23.275749586935508
R6:short,474.3078061180019,517.4103590194006,64.77390290417647,415.1697701027147,481.99042260941957,480.33793361566177,479.55855497133683,480.6773208207636,479.32665090795143,451.38612755190627,44.96237410952159,436.9501680167339,466.7915940321643,450.9825415547648,482.0322444080311,487.40000057067334,504.83009144626277,43.22021371237687,61.65737928414571,526.7609047195599,501.0333257138287,475.2698240827127,488.9101977466506,445.14591868069374,408.40124486039684,542.6859911412351,158.76291415879308,342.8364677162666,423.5582842680553,465.469459403734,481.3556293168313,478.72997421246777,511.12749283246734,143.17988032601966,533.6180802952108,514.9596665689346,494.4748001385382,495.2789713687384,458.2963391441665,452.62270302737005,407.3325739301866,604.2334825584533,0.0,280.6792673162215,435.89544217263455,467.8842185071617,495.97797565839045,527.6144246978171,516.4351902315803,357.9966463720783,186.3918408623489,450.16291973694535,464.5105537666632,466.84884758478717,496.256835087328,484.7256582648446,489.2903385875909,472.54941760919667,601.930785270637,462.02840913523846,494.0753310810616,483.66443063798994,463.93251271326966,506.10266366654633,470.14623791049763,603.8053305247204,325.78594477906734,471.7785245384439,479.2916817704514,478.83193311281957,483.52350102733607,496.08803132068795,488.8678030224502,13.604868548437663,604.2380548141753,296.1594514447265,428.15503748168203,468.10843175967466,499.2843747996521,515.955653492943,525.2301145659717,46.35743577025592,362.74451600282976,455.3234681594541,481.77690437087875,464.5940878573137,495.91695007424244,476.441554328598,492.9294120315816,502.1304437700296,555.3781660016168,467.8922899255217,483.95968918694354,483.09433452870735,486.3162726654778,471.34242922195034,551.2906624153363
R6:parametric:-0.5,7.7142631998904845,30.5358522002701,52.4795205982616,11.001763760552064,9.76201386117204,7.8433782084705355,6.914586222293195,7.801977692393401,9.39789768906241,24.737834398673943,39.534047176588246,3.3169471240041335,5.611910986284026,6.27160185195051,7.777545534841663,10.034092233473725,10.220982030400377,44.775710423021465,31.979888664139157,13.664338033974145,9.20783364867319,8.371829202187483,7.978138018983407,7.253598170450082,9.118326782421397,13.866914872403616,8.157980757172007,6.311812667813647,6.034412444987398,6.996543446864674,7.399509617719269,8.844957595469399,9.560878617890321,7.895943278901899,11.940036511823813,10.747684404991316,9.186957083148265,8.245593691531928,7.313442369746865,6.161856618935009,5.734226379875187,39.19296024105805,280.6792673162215,0.0,4.695318608102592,6.854497667917992,9.956365784753372,9.954870768639408,12.663440531878338,21.04252092727626,99.32004681818967,6.191723752382778,6.417338742921363,7.423684233853613,7.865289117805611,7.91930488747566,10.697069335569397,30.525638283372842,52.49229817362866,13.306852314035485,11.080343714096742,9.072961396210076,6.899363569829775,7.324019504080317,8.916509346476268,52.85898591580773,30.523583153825065,12.697132921871598,8.113859533828878,7.314719030641139,8.801499686487936,9.766377631210139,11.30413182167652,313.81521733298854,39.178985781301726,0.13826072538639,4.614185833624076,6.43424753363899,8.303321494014252,10.470849338198981,12.589510793446587,65.10047320140721,20.83897615354414,5.797923182481103,6.00527722497225,7.508575065252265,8.994287253094122,8.195200066824434,10.29673177864143,8.389901147749242,21.844726028095998,7.873951452489537,9.351449697867654,8.115087134991674,8.62735615727596,8.429270914834506,18.46462304390787
R6:parametric:-0.25,3.5819612085323143,23.821882742626705,64.6325585321268,10.53968201301604,5.770340099107433,4.096738803748816,3.762611812259285,4.6231301549884884,6.493580015321842,17.78965932998044,44.458787316281736,4.7301100280689985,1.7239632256883148,2.7515860967372068,4.0568494237103385,4.948326279685813,6.799794498125104,44.583720575333246,23.833066002439484,10.391566593277998,6.118607077722563,4.387033540914373,3.8698160980623957,4.220697737649176,7.680364401362919,13.374943006043715,10.538399683402867,2.9842841263076973,2.642324790640643,2.8901334488682693,4.041388223395046,5.104525035478957,6.276297503829484,9.470152903463624,11.552711055611628,8.024508053715184,5.674665514323547,4.261971935499863,2.9855159825883177,2.7749748028729937,2.797043563460285,28.553323742619888,435.89544217263455,4.695318608102592,0.0,2.3966544476846785,5.18704391433216,6.414934375159234,8.109941098844667,14.751942275202827,77.49021916360239,6.5747982626083985,2.9060310410941743,3.4799452411385885,4.148027538250108,4.748257354519418,6.938792350744698,23.829872746226382,64.65371477013565,12.0706551948973,7.135687289371346,4.872769594855527,3.4636437859142566,4.106334391400834,6.624191377644801,65.07455534237513,23.829439716814957,10.595484580354759,4.916620832664687,3.552790800628034,4.7405245809508045,6.1131464009754195,8.02132911424203,638.4200522058208,28.5419518142192,4.764153277991024,0.2577641307557112,2.324812211984432,4.91196791704104,6.299217850835081,8.022036497976774,66.44655785786853,14.68396546938255,6.720296164884685,2.995434530802255,3.3666930633219923,4.034566383848944,4.7420017563372925,6.721296624071269,4.0969629773417235,17.766124946807743,3.6342380313870954,4.996622222310609,3.8016952300506293,4.272293583628924,3.7398574404339575,15.343945049214907
R6:parametric:-0.1,1.3612322890663282,26.958205400387396,81.05364483307517,10.820922440741121,4.823575735445348,2.029695089492842,1.7889891497492545,3.615636592901365,6.797719603392844,13.786218725019154,49.74311628993041,5.9104411727070385,1.9298690950210342,0.8083313542675227,1.7975124369095017,2.891483039386722,4.708757250094299,46.27483082526022,26.956753107331505,12.060664096418002,5.290570914437871,2.615362665854512,2.098547030785369,4.169792461019533,7.929902566760832,13.353892513535765,11.466423816742846,3.260188087208278,0.9636976001218297,0.9610856212454327,1.9722761601057444,3.025502103068123,4.3939550030744865,10.286609684118847,11.51729237322996,6.4118555701910624,3.691429977821805,2.090749300471978,0.9710956987929272,0.9979325773592266,1.5139913669811302,23.493413731068227,467.8842185071617,6.854497667917992,2.3966544476846785,0.0,2.6924332084896907,4.14193010030443,5.681674464580848,11.149872495581915,64.86357840607761,7.597433764181817,2.156432551484334,1.336869728333601,1.988850085799097,2.839334857568866,4.722456398374592,26.957094269900672,81.09414185606971,12.04882508198959,4.972258028307952,2.6036617581039763,1.6780040661068902,3.7955483366823004,7.107696011903347,81.61178152420788,26.93920002529598,11.692114423845926,5.1286255687195,1.8082149511669943,2.530249641065003,4.125442498983277,7.186411654683178,755.1539201796661,23.499462195855692,6.878006192487595,2.470597545262545,0.08040540696767187,2.5958288817456157,4.064593404630391,5.965895151601753,66.74143213675768,11.135225612097175,7.726391065029266,2.2714626108088978,1.1563810328221034,1.8352698065280812,2.940097087651906,4.563667926248278,1.6707066401774011,19.333163502296415,1.3703664472620127,2.6637623411118563,1.5062235481851134,1.9521366472200112,1.3054276843501489,16.533450503393606
R6:parametric:+0.1,1.1461938370265543,26.824771365932264,94.30047585885895,10.709963779298883,4.664381918053825,2.07484574735252,1.9189378124912864,3.849633457650106,7.317635937693448,11.748778644605851,53.312623152169955,8.142581225858681,3.957855404139076,1.9455969039508665,0.8703143751376001,1.1516227221481585,2.786853340328489,49.27253815297042,26.818535649323966,11.797550020286794,4.889612152594241,2.186881525565851,2.7770772755587276,4.211453538988352,7.915975900152418,13.16798046271931,12.941964277758963,6.150477166454677,3.734542614053692,2.1179121998941244,0.8452911509876754,1.157292968622291,2.880748165469416,12.83745530562595,11.360350464360259,5.283562272180439,1.9439705761931252,0.8154596506232673,1.9017190188680022,2.7241435945778156,4.290232950407998,24.037343453005708,495.97797565839045,9.956365784753372,5.18704391433216,2.6924332084896907,0.0,1.7041430370535309,3.4957628234223757,9.043423982205317,64.49184456391319,9.898568597459594,3.949633054356319,1.930641005187991,1.1774043474192928,1.58796842823288,2.7318995047527452,26.829057707634416,94.36181324847601,11.749430306004879,4.7753221180686305,1.8889305673141878,2.5296746856402796,4.218393444875529,7.516536777904236,94.95331103445162,26.82488707770582,12.007648223106491,5.595159757215411,2.6835154496345033,1.7245954900460665,3.8744869168537295,6.702322941288419,894.1779790900933,24.044485679160964,9.953845043107801,4.961839172370179,2.5413803028535424,0.20814691114673878,1.7011159251506311,3.7612639870223035,66.98512898027968,9.043712593178185,10.005287915721006,3.973803388457113,1.9980355043358018,1.292303619225482,1.6531856715503392,2.6829264222242095,1.1329739428225838,19.65970118350723,1.1773963248013268,0.9116383469041109,1.122573014131999,0.6203174854924879,1.4034645801457677,16.82923329425542
R6:parametric:+0.25,2.7685811622558996,27.700188237255794,116.19291493833497,10.915816075594837,5.371903702775343,3.3726094167119527,2.9946949206121465,4.088707326395659,7.548498456771606,10.480587182179109,57.24110628539181,10.065995678317423,5.689659271737098,3.5350669424850687,2.279414600551467,1.9477640200706752,1.895884487551753,52.44915730918363,27.691164601618723,12.286612253703115,5.150780252354384,3.0304911562604557,4.348311624986769,5.2736486412432075,9.076002898301534,13.12469889379368,12.754854473409136,6.776013651678248,4.668134272944654,3.4391484446037497,2.2848135876434,2.1782992858384316,2.269810927349878,12.210771964656011,11.318356525994028,4.5144981960376525,2.4014785044691314,2.4346809552591835,3.2359712385185313,3.849066007441958,5.156687871595431,27.908575292990168,527.6144246978171,9.954870768639408,6.414934375159234,4.14193010030443,1.7041430370535309,0.0,2.111085242925963,7.415819367055878,64.40128397081182,11.887360509753922,5.467283672495313,3.4253781336825577,2.488085653612545,2.5286025185828214,3.0656378255035004,27.688985151550522,116.30510006889364,11.910780708741019,5.155170762341485,3.184666632910775,3.5852537121143175,4.855558386424319,7.874480953777063,117.03174327728433,27.695601051386916,12.511019197257404,5.7104310812902215,3.744668522421491,2.9934566416494164,4.573927729790725,6.679964650040046,1140.2277542026911,27.917688471170997,9.964069192198957,6.371777291695547,4.241661036792731,1.507942686178929,0.20854110255825334,2.3751084113101184,67.14348307048577,7.708552827796844,11.973037490672738,5.528851417735026,3.4702178479540344,2.6434306847828384,2.520433637137076,3.1744220486062824,2.703635176728109,20.81027285274002,2.709267490319699,2.3660220674498986,2.8574547547358646,2.1631748262224453,2.6443011703708286,17.668410629814254
R6:parametric:+0.5,4.387850555210427,26.608675886045866,135.3112641024246,10.647683577013943,6.434656284667711,4.83499783094341,4.727114386131357,5.791868229171642,8.027495222418457,8.335182594610659,59.93018794049554,10.907755112986862,7.056393137910414,5.091675105620257,3.960819030378308,3.8332254205506375,3.385708292827045,54.630460618676366,26.620279481154764,12.250149559417245,5.968623400873965,4.964413104814055,5.896527926493372,6.313763906346186,10.083416788745046,12.939810224457842,15.420551436868452,9.038100890585177,6.692239669248953,5.00962651569624,3.9619288603794565,3.72897766092173,3.744406276162837,15.325787235255717,11.16659981745003,3.6773915450981005,4.033911877633718,4.193106199962613,4.818027650021034,5.556903399656577,7.217626708783873,22.17330980156497,516.4351902315803,12.663440531878338,8.109941098844667,5.681674464580848,3.4957628234223757,2.111085242925963,0.0,8.935545882802508,51.17231178618523,12.488319171959466,6.7853927756173595,4.936232239671609,4.250704953988312,4.203333660848886,5.014922206961097,26.61696620284449,135.4839637354414,11.526811358952667,6.332452792209093,4.571137686732229,5.467599940070663,6.842426142704514,9.321631407833674,136.3286530373228,26.616018293336342,12.456891550399126,7.754359099365144,5.713418778445286,4.577893093048029,5.920703338489665,7.2323177355272,1026.083545023804,22.18147557336195,12.649585861076906,7.846769199217891,5.779393261675487,3.3298030050539658,1.9398507200623405,0.2020657007023075,67.26458948324272,9.012690306848436,12.572357106338952,6.855437531911702,4.9621586320347975,4.415107741022959,4.329158694623985,5.155243723302824,4.495723824430217,19.824166160751496,4.2942069632085,3.9561864459204963,4.524853772009614,3.8750728667817866,4.445557795096092,16.980209298672005
R7:open,9.685517552328127,24.294517297822097,116.1830225484861,12.727903360637614,11.440089736381857,10.887745046025547,9.974260205697998,10.908295614594927,11.910809112158324,5.217717394783644,64.01102994380898,23.509797208228687,15.792911704477849,11.76443566175385,9.068944233326464,7.328948520949962,6.637848771890269,52.31621388166464,24.286613420732127,10.838687006508717,8.969356244995474,9.370914964240491,13.624700314876398,13.752547623295754,15.31989767246091,13.611406796528447,21.164929709678216,13.683291636357033,11.489775411561373,10.540783979357448,9.156219267400143,9.01318945707712,9.092661719242473,20.275799321168723,11.766215036630593,8.704502016138978,9.788504418105228,9.42929500201325,10.580756387999843,12.178818836765386,11.565758220616665,28.222751350127886,357.9966463720783,21.04252092727626,14.751942275202827,11.149872495581915,9.043423982205317,7.415819367055878,8.935545882802508,0.0,139.06672541888375,26.660056479448645,13.288827362150876,10.783978327891733,10.647933584703,9.187245462376131,7.824437333648897,24.29172735855394,116.29589915246295,12.968953307619117,11.843280922736843,10.159065042535788,10.15192790960336,10.829159275866703,12.023375898164469,117.02487704463879,24.29049934377844,13.245360932126792,10.916477529277296,10.086333782305154,10.782794453077534,11.129869646398147,10.674794349577832,442.41244819465453,28.196972225968295,21.55198577529684,14.23462594526922,12.92423534418833,8.63246085114675,7.358782715461522,8.840696930963075,82.18612533168076,0.18941069756254536,26.36814498391437,13.703739052331024,10.646665634747428,9.283722328776731,8.051871282110838,7.4362294053137195,10.828918669016632,18.694076459334774,9.57234994951189,9.253808501742498,10.492985316633476,9.445042175732489,9.814721246653269,16.068533344869504
R7:short,61.488503924723254,63.35232490848163,1256.8861132815869,85.59722891811879,74.62960264062916,69.76420024869071,62.01004111857641,56.890025040217985,53.691980838283236,138.7126030963825,380.79314274057384,99.54711885880597,80.98847637563472,68.44161940273814,64.46009231518482,60.579051048678906,73.32927210808573,192.98243291297604,211.09748224614168,66.18873198366684,56.94207336922136,66.06346387071443,81.80150238501902,73.19157848591882,72.63197439123815,46.04776987518319,197.50568786561038,93.74899650631171,74.82846633510903,68.01690647638517,53.94849978812579,53.47065638642565,49.80890579605817,176.94043956544752,44.87482866602739,48.77250685831578,62.45482406681091,60.29722465980749,67.64163955201361,80.63598614535391,76.51132648430362,850.5925413381649,186.3918408623489,99.32004681818967,77.49021916360239,64.86357840607761,64.49184456391319,64.40128397081182,51.17231178618523,139.06672541888375,0.0,106.02372184485539,63.589836438604245,61.30431457204681,78.06930681977411,75.03935691978498,84.86389943469923,63.36042284592091,48.4842036158558,66.78368753045704,78.51676423071402,65.05644131129381,56.26890606987886,63.65017013613298,65.88335275472987,50.743415165536,74.75112727562299,72.34268961614067,69.5751429810478,65.09039640840818,69.9765614078694,73.57672566180287,68.72860151642057,183.1453004308762,850.7901484108057,102.90433504365423,73.89561587072626,76.624973792456,63.06441155516524,59.1669170909267,55.740831340732605,1578.5680412937504,130.63665425680722,103.32358045414918,66.20813226935539,59.782864067390776,65.43939542243268,66.81190216814969,79.18522167532261,72.75442760383723,56.30077775134315,61.32663524128855,58.165630444956044,68.88911769531452,63.860584585638044,61.91301806271933,72.50791288735552
R7:parametric:-0.5,8.427029713759234,30.205419364415434,89.16859350718823,10.892829456562618,9.549297349002194,9.07125327102661,8.538564972988462,7.971728362495102,9.077015926584275,30.430569980095413,50.80964285320725,3.4195242498176226,6.221995074552381,7.779909104189018,9.862264716703685,10.898808512304123,14.388528144911776,46.99328722780055,38.1318372009761,17.758478949459946,11.5926254441592,10.218017166898141,8.71530938067461,6.685304198563922,8.235028513976474,12.812107075493046,13.931271387426394,10.860439345015948,9.53834781215578,9.051731484715438,7.670624140389383,7.676733249590809,6.896721938272238,13.546103312580142,11.040624658077505,7.656232144350733,8.55302201742757,8.418156593391778,8.918736991008313,10.004855654042013,9.813603280664923,45.65952777477194,450.16291973694535,6.191723752382778,6.5747982626083985,7.597433764181817,9.898568597459594,11.887360509753922,12.488319171959466,26.660056479448645,106.02372184485539,0.0,4.7822194107862135,7.1050781185844185,11.105245976078232,12.043635237529703,15.192883190318557,30.21121915267465,89.2250973975684,12.081711836570799,9.932288771667995,8.774018792985252,7.899502206114317,8.449324844204032,9.361342251965572,89.80853371311122,30.206497111435148,14.209459694498317,9.423329430440608,8.88510950841235,9.236157800668893,9.657813459645352,9.103951435567511,689.2773903499319,45.64549778119265,5.990428904303419,6.3143867691860365,8.374418247202543,10.020754951243948,11.283556500075584,13.748365421846513,66.43733576600454,26.373103337549,0.2492519351026967,4.997399301157573,6.8613825358983505,9.852981195071683,11.535705440474304,14.631965019543307,9.805897452586128,21.057691580845116,8.51637959587571,8.065210748092346,9.307778427274517,9.292717167630359,8.386002218712123,17.869509275388854
R7:parametric:-0.25,2.963348450947587,23.186403445613163,77.49150957826083,10.66365381107634,5.013351299183942,3.4779004453934808,3.024066406106992,4.055714743543361,6.589472137207646,15.779251494430616,49.044606624111076,4.2090338808374685,1.2042599507468823,2.1387347793739147,3.923405009847395,4.92087672586592,6.8764867288787235,45.74884150280535,23.19678951636773,10.61913454534414,5.662105578549835,4.116150687960199,2.7592025642781786,3.906795182588114,7.572443779526416,13.015621987329084,11.369529231021149,3.893342948005023,3.2098720385330908,3.1338887024048163,2.7664436586573675,2.79804866003065,3.6857382939141354,10.20137689067332,11.253625996016169,5.735817785794261,3.0132395806113563,3.016686210020317,3.0491586136919806,3.332629093015475,3.731048752195953,24.130127296789066,464.5105537666632,6.417338742921363,2.9060310410941743,2.156432551484334,3.949633054356319,5.467283672495313,6.7853927756173595,13.288827362150876,63.589836438604245,4.7822194107862135,0.0,1.9383081484883293,4.2487334779688375,5.07144335058427,6.954648246107096,23.193823888677596,77.52634485385242,11.489625207598928,5.5341698051625325,3.5486036305780972,3.0411650304089615,4.912087036179062,7.629290982545774,78.01748000941699,23.193691479815616,11.078469241097137,6.170326737524802,3.175963701538847,3.5152097891301577,4.690718667908119,6.452077121580567,741.1657843930828,24.12095850598113,6.448089767525624,2.9146593017487024,2.2614785844454817,4.115375919742471,5.294957566187127,7.383775569486433,66.71106537363028,13.264446007905025,4.933625181434391,0.35377736197271625,1.819909473812008,3.868039352365233,5.077762753318035,6.786252245649479,3.497950912411206,17.905822993753688,3.0410239089464914,3.2101868433733074,3.2899068761228896,3.5156730028430374,2.9102669039454256,15.425225207460706
R7:parametric:-0.1,1.003814552451165,23.392686959372796,87.71064500529965,10.548779641146979,4.548695385502338,1.8248384660814831,1.609880030321114,3.47915204347959,6.561342189124259,13.2773920162273,51.519441726668965,5.493653993226609,1.685849401860655,0.4448391082187196,1.9052675341688188,2.940440207275573,4.713023115462223,47.754109827545996,23.388477717389303,10.500180051969789,4.8273339073179935,2.0736953645396667,1.6986679618727158,3.8267622449230814,7.529279674189527,13.053512540952882,11.688621089552694,4.301696111339698,2.2319275722856906,1.265749624495045,0.9770808728150033,1.6337379191409935,3.063355620804788,10.487265272516712,11.286596737520272,5.203642725808979,2.325841362144523,1.0978291368568807,1.1915341458156763,1.6620581937251895,2.7255843146462206,23.069167403396392,466.84884758478717,7.423684233853613,3.4799452411385885,1.336869728333601,1.930641005187991,3.4253781336825577,4.936232239671609,10.783978327891733,61.30431457204681,7.1050781185844185,1.9383081484883293,0.0,2.0694844837200836,2.9125342207726703,4.689613563316526,23.395820591177,87.76125602550665,11.484846900225127,4.658723539752079,1.9041473549882362,1.8984336367295085,3.7041576005213663,6.778800780777077,88.31774922811883,23.392161554916367,10.659650832109982,4.897240191921873,2.065030201784602,1.86696673427318,3.7977131387696796,6.434990218740574,748.9610622610127,22.262756612378794,7.447641377635705,3.3249756661954657,1.2596219859165467,2.1138966298419515,3.328687443886497,5.431509847107322,66.80498673985892,10.777161061147678,7.236183289726328,1.9156838547777661,0.21710905505297423,1.837659947503501,3.0112016469117493,4.569034342666558,1.3835914422705111,17.820496250289782,1.0825331229184736,1.5019242604985272,1.2241485557654601,1.5276724140288704,0.9453523979960111,15.386210472459894
R7:parametric:+0.1,0.965141073249327,24.131686241780052,89.75303023656471,10.700055216422523,4.69781778295994,1.845237523171199,1.67839544877361,3.500177118557791,6.598061961733388,13.860207300344975,52.14448687302856,9.101585468612203,4.357610703354971,2.1066373519150017,0.3552741233146128,1.2976199538553876,3.1127980200791563,48.29162610573639,24.123800277771696,10.751085204018985,4.4969677486611195,1.8309477237015828,2.2822756157070376,4.104066844460979,7.719456308391135,13.231008779913209,12.068264668892411,4.5032298896494405,2.3108165111795773,1.1427600841420704,1.134939333135813,2.0600373190091146,3.6310888307926525,10.812011232429473,11.429548195546523,5.8514524235904055,2.7756522895478675,1.1789194726793886,1.0746799354877201,1.6300504933768611,2.8613356596789954,25.222643267081114,496.256835087328,7.865289117805611,4.148027538250108,1.988850085799097,1.1774043474192928,2.488085653612545,4.250704953988312,10.647933584703,78.06930681977411,11.105245976078232,4.2487334779688375,2.0694844837200836,0.0,1.0710641380204218,3.026308176914555,24.121895605920226,89.80666291232863,11.704531255935585,4.806545727893044,2.039812464775382,1.8490167848323493,3.4899171821905948,6.684693976827039,90.3731202783638,24.12767739389251,10.784681499826283,4.718103367837507,1.8020796119317202,1.874442654671128,3.9348791531607223,6.9263446100153585,898.2006971472199,25.21036249837436,7.884103046604515,4.177608857856761,2.2208115541469144,1.0010618576436552,2.503020044901581,4.541160805922994,66.93207225701484,10.613512257626596,11.195588099188036,4.290969312085144,2.137232812231404,0.143462408484488,1.2085476797665302,2.911056537099564,0.7216793620214887,18.559656430211582,0.9341468336350126,1.883417143579541,0.8452716748089837,0.6041053284445842,1.037856410993185,15.94732870421598
R7:parametric:+0.25,1.8305141303301422,23.82527523062373,91.80261431696123,10.443307862356978,4.5620890218571,2.1716170105434114,2.542763840723268,3.6557423686349777,6.535921377321314,12.329357927200723,52.54092622352502,10.050639998325954,5.300834021063813,3.0072209733625495,0.9950366021046039,0.9186757076063552,2.074529235685864,48.60410888754628,23.836228402144975,10.648186494062465,4.4841523948410815,1.9622563675030886,3.2689064771160847,4.319982355682292,7.524100468923537,13.228104023498016,12.116389521639354,4.60953115219424,2.2200087961520243,1.9107142872472416,1.6853180720448997,2.5359222520163387,4.0796549171165735,10.861674836694183,11.428521765206758,6.232118752133012,3.2418150650262176,1.7216058147863,1.9885879218315532,2.109781870448986,3.027112344917936,23.289475909237417,484.7256582648446,7.91930488747566,4.748257354519418,2.839334857568866,1.58796842823288,2.5286025185828214,4.203333660848886,9.187245462376131,75.03935691978498,12.043635237529703,5.07144335058427,2.9125342207726703,1.0710641380204218,0.0,1.9176325267955279,23.833100845099988,91.86009813083402,11.690743826862775,5.092485742426137,2.5059447847319074,2.7039990077619014,3.6417045172073443,6.664000096968423,92.44017938515998,23.832737251046833,10.699599458558822,4.680042194276015,2.6568729340212416,2.3742750485793445,4.198172887894095,7.437827274167162,831.230271030452,23.27745022309025,7.975604945719207,4.687160512959312,3.176739622653039,1.3535286036642264,2.6842103488015403,4.103314021150439,66.93958254046663,9.172207102822307,12.12284391546501,5.134142789834684,2.96554195969253,1.0743379241146804,0.2569390483128152,1.8382299093066243,1.680032022115484,17.65035808909624,1.853069672081186,2.396848027512459,1.7730983116716916,1.4362647367068049,1.9713510174838826,15.273722872823948
R7:parametric:+0.5,3.6468082633859673,22.298112082643527,91.73395716424885,10.370778924329162,5.152170751527165,3.970129396450603,4.439731352981454,5.6257521743781025,7.031058628489154,11.393216930258511,52.6872366059435,12.954491512099917,7.586851678037622,4.942954007954551,2.773703837494574,1.367104427297116,1.4344112429066402,48.75142247319376,22.294493959655487,10.080151441594195,4.373957928605695,3.6889954603681003,5.470495760185288,6.403665246372544,7.990516594884679,13.233687274265664,12.333005267684419,5.083384689631635,4.086600870678993,3.797424060431474,3.496809401544017,3.4113280352393174,4.574371070639396,11.571674404968677,11.446858441494808,6.646227685861442,3.759153496174284,3.4447060520177244,3.8709509863655818,4.229437777239839,4.018526037047923,24.306543681443625,489.2903385875909,10.697069335569397,6.938792350744698,4.722456398374592,2.7318995047527452,3.0656378255035004,5.014922206961097,7.824437333648897,84.86389943469923,15.192883190318557,6.954648246107096,4.689613563316526,3.026308176914555,1.9176325267955279,0.0,22.300898243376526,91.79078542133395,12.018067595854342,5.60135872977283,3.7044998565754406,4.634309802220189,5.564553890684862,7.1816151431875515,92.36773199785384,22.29742795252975,10.255463338937322,5.7069279112487825,4.569227114735682,3.8499506972884414,4.7118677401969284,7.996313526344627,853.9200853089617,24.29247005219765,10.821025505308437,6.7997658444027085,5.2806593645213535,2.598012543663025,3.2678496417860425,4.907142744338892,67.0045277194022,7.811703232097203,15.218125699981659,7.084056480861376,4.813694208803524,2.9319195137488148,1.6830070888452604,0.23557498686065007,3.6447411875522047,17.11666519551274,3.683287247041003,3.4799202530134252,3.6710961889166422,3.3762734295351184,3.899727516264287,14.849690843884666
R8:open,24.321455763018445,2.1062132408810963,2096.3433254674865,23.607056598711054,25.340815683257457,25.6849258027483,24.313385697596527,23.001409857853055,26.706912986666506,23.904412237637352,76.02184613254616,26.657965617653076,27.42443266857155,23.926742831499727,27.652151173825878,23.049469497231385,24.66713978322504,72.98035257121929,16.37943391760113,25.343049334920057,20.706644834216124,27.901364882823756,23.731693209977397,24.075948891156838,29.5624123262026,24.15361274051538,22.696418573059017,24.04450438945397,26.219420166616082,27.19511014936669,25.320329288193204,24.319352957034937,21.912715201904227,25.620092941071647,23.358855699292526,20.024076111119747,27.128003835470963,24.250502514616223,25.569117876731077,20.88422669574034,27.528715226142896,26.9246608301968,472.54941760919667,30.525638283372842,23.829872746226382,26.957094269900672,26.829057707634416,27.688985151550522,26.61696620284449,24.29172735855394,63.36042284592091,30.21121915267465,23.193823888677596,23.395820591177,24.121895605920226,23.833100845099988,22.300898243376526,0.0,2949.841109139557,26.489514159532206,23.328406078618144,25.177290643791796,25.93867081441821,24.654809524940852,25.289275190183766,3429.6023709555593,2.7197936764236874,26.79381559795524,26.2599666386259,22.090475627550823,23.05488360143793,24.201369256324483,25.07780179008577,773.4508538273649,24.935239925559944,25.810877427572073,28.946732006353773,24.559139117807355,22.742309366619867,25.03491513466781,24.945481875194638,79.34208354274158,24.333246211078748,24.377781062456762,24.455720942575482,24.463763916599053,24.219205016342457,25.514516367862512,26.368990405864267,23.527876305903657,23.47786400405161,22.814226722677546,24.14682643356098,25.418552690992225,23.856026434367735,24.352745771811904,25.756955748358237
R8:short,89.68025593523033,2875.540857550746,19.381521946590894,38.72052942806119,57.228335938359216,79.28863825323717,81.36694640231588,121.1484382496435,146.10727680901286,148.27701448144424,36.93808883037427,69.53558626206218,77.92320155449988,80.55373762511103,92.14158105136136,101.20546868936052,98.39175398921064,30.935138806997553,2780.491055674095,262.639795118179,141.24059721206285,112.18318476217438,97.51222418864629,52.02072422621033,44.65843150811451,96.90155567947052,50.685107353908826,72.45182955342675,87.00385952213124,102.63642192460583,93.74451652628774,99.3757948893803,128.0921108771182,51.99189190285252,87.02869075921214,109.81782663883823,111.1638597445818,119.761243903186,82.16824860154699,78.10229120239758,77.56097126766763,2949.6037240525707,601.930785270637,52.49229817362866,64.65371477013565,81.09414185606971,94.36181324847601,116.30510006889364,135.4839637354414,116.29589915246295,48.4842036158558,89.2250973975684,77.52634485385242,87.76125602550665,89.80666291232863,91.86009813083402,91.79078542133395,2949.841109139557,0.0,38.84254187275558,65.29539686349766,80.59856476114824,90.2068482461496,117.68194120726574,135.71770420891383,15.52737817236529,2949.522945643402,184.5323007731393,133.6765927476519,88.03283258870759,79.57444127704996,79.63497335170915,55.42871070158595,6244.869012163482,2846.1402798432446,62.23173825357204,74.2503883121931,76.18290809659499,92.61201049439236,112.67586216974377,129.39402983164823,68.33215046357024,110.00807331153634,90.32428351065035,100.2416659466423,77.8998127830954,87.14468674647456,96.9052931955211,96.52668538110093,90.0194243424194,109.08827388158309,86.15077778446648,85.03214332170981,89.00445398505013,99.8315160441095,83.47712092029852,136.11983745953967
R8:parametric:-0.5,11.577267034441055,26.488148588486506,34.33444607353586,3.102674535653938,8.053870650597982,10.336392701749137,12.863394023086574,14.198519632442794,16.58813732924982,12.995649975616468,36.7718207544859,11.756151654484194,11.936136058443585,11.478165385951096,11.82966312758807,11.538316199031836,11.56293111620213,41.793032532938284,26.490001209861347,19.12711125681312,14.840894077618723,13.389227826927979,10.098787762939473,8.165256587123455,7.08323003866451,11.367095583334763,14.43235042169733,12.9459515436947,12.407616269305414,12.011499596266459,11.55011113536184,11.595007687562429,11.176971716728,14.485315542326394,11.294517743117858,10.82207872408308,11.631003223255632,11.660096390283163,11.928690044448627,11.67782366522614,12.908425281610207,22.327815945983584,462.02840913523846,13.306852314035485,12.0706551948973,12.04882508198959,11.749430306004879,11.910780708741019,11.526811358952667,12.968953307619117,66.78368753045704,12.081711836570799,11.489625207598928,11.484846900225127,11.704531255935585,11.690743826862775,12.018067595854342,26.489514159532206,38.84254187275558,0.0,7.004869109309281,10.128147117935766,13.037633887975025,14.460330639287834,16.690678327030586,34.59454372780941,26.48869528922074,19.232649213797814,15.39891864075312,12.75743279005978,10.124458691139974,8.052157290647685,5.119192365124043,727.3789133140868,22.317485918604522,13.036209283348173,12.37225574815743,11.835706372447987,11.234790060751369,11.464236908642802,11.5192770623782,66.85094126942205,12.83054494308783,11.332233889220316,11.43029788912835,11.56047780408597,11.637790172245941,11.882104297641165,12.768867677530249,11.547536259655454,23.045163842067822,11.491005544648806,11.197529492616436,11.570929766061182,11.605384312756854,11.789350657034685,21.676123995888474
R8:parametric:-0.25,4.712220171161836,23.326448188669534,65.27266470929581,6.50991604287916,1.3240044215582332,3.191492558879673,6.169944447152733,7.77462356851196,10.517014194938124,15.030944699162937,44.19504070462202,8.631458263400438,5.344327055333986,4.645088557483312,4.830730919781316,4.654171149728135,4.877495915091653,43.52566734701026,23.32407758489245,13.608558327604365,8.479920204393828,6.625016225860274,3.197591306463754,2.8284765940457457,4.28071928874378,10.68487712146167,13.35747410403909,7.95666705995575,5.875146509656142,5.0965227425775765,4.645720968034234,4.727157613121137,4.905560515696386,13.28057398325923,9.288601838881856,5.113261908538796,4.639201508360833,4.802859231421728,5.045633308216715,5.290715816433863,6.371878465574748,26.343224579212023,494.0753310810616,11.080343714096742,7.135687289371346,4.972258028307952,4.7753221180686305,5.155170762341485,6.332452792209093,11.843280922736843,78.51676423071402,9.932288771667995,5.5341698051625325,4.658723539752079,4.806545727893044,5.092485742426137,5.60135872977283,23.328406078618144,65.29539686349766,7.004869109309281,0.0,3.073419673921678,6.115851670146632,7.977954631022973,10.60881738783471,65.72915264253825,23.325667319105197,13.767252573013913,8.880159255193732,6.1528601469073205,3.2335583135840786,1.0005164171216336,1.9354526011595121,886.1736497744157,26.331100259474777,11.08496183923222,6.925859519125081,4.984517696392826,4.478099971038165,5.076886753317837,6.373819869958646,66.89739415280698,11.796637394785346,10.037815171550665,5.219725400151961,4.6935104719193275,4.679681190408371,5.291264736814365,6.2011548978849556,4.692863417677271,19.062819704637658,4.748086694803616,4.3546098006113,4.5832369202641,4.798735105779727,4.945713797399524,17.278296539833796
R8:parametric:-0.1,1.8254619666933618,25.17416910925842,80.55835105331937,9.311117451003122,2.94579280139152,0.38407031673673697,3.464021405630363,5.3373178498647045,8.559153363572964,12.844133456430995,49.447395281934696,7.045715672176391,3.404025298925216,1.8733052994293993,1.9883785498977267,2.0422138821199445,3.7666619732680515,46.00134709410578,25.169919171100357,12.656208266410568,6.2865844338157615,3.8925543031737804,1.0687127150433982,2.6354292573552223,6.282631362431727,12.415806194724247,11.893561385784706,5.739478289775284,3.555652800963838,2.4016422022897164,1.7306401394954114,2.2190207206466677,2.8552461372184834,11.480777263484649,10.736215202372183,4.416195461326294,2.4424942867202226,1.9247589039230402,2.330778699106732,2.7460521801709494,4.0656246220040995,23.859735083494574,483.66443063798994,9.072961396210076,4.872769594855527,2.6036617581039763,1.8889305673141878,3.184666632910775,4.571137686732229,10.159065042535788,65.05644131129381,8.774018792985252,3.5486036305780972,1.9041473549882362,2.039812464775382,2.5059447847319074,3.7044998565754406,25.177290643791796,80.59856476114824,10.128147117935766,3.073419673921678,0.0,3.4419756045286296,5.523913487076091,8.671542786725785,81.11597751600497,25.173744787223836,12.630918439736247,6.68847770077831,3.5087382049806055,0.31324734834840895,2.1136340967148834,5.092880585554412,827.7991982502999,23.86635516630281,9.084667855690327,4.682277254470059,2.4742516644033565,1.961655725719472,3.1121957565727025,4.850320321800484,66.87474227254407,10.15066601487787,8.8919748197979,3.283998585926598,2.0191599357307166,1.999681869556653,2.608030023427613,3.595068513712202,1.9157783079390334,19.65877430458882,1.9536067363786396,1.5494152765651028,1.685853601314857,2.02635458352336,2.095578615776973,17.22195373384444
R8:parametric:+0.1,1.6601591039806516,25.929424618570753,90.1537340162318,11.780130508195855,6.058535983314314,3.3967234029763156,0.4381934735826949,2.1188945316691092,5.292701627089781,12.638383100832725,52.622483470841054,6.352328627296762,2.6666659457486683,1.6869308320646133,1.765070540322947,2.7856472608511127,3.8356732256352366,48.74978104160676,25.942366115924536,10.196342765459326,3.5385612494873926,1.000937822085948,3.2916758522049396,5.44875954500948,9.263934180832463,13.850724008572747,11.831702610589419,4.022251185389153,2.2720315525170087,1.6671594266738572,2.07217619767372,3.1061048651197654,4.6487154084148115,10.617894513957802,11.942957303686102,6.728266059492057,3.8179891779407704,2.1563038866159023,1.4877269859641191,1.758713069592378,2.689654623042034,23.05023403064585,463.93251271326966,6.899363569829775,3.4636437859142566,1.6780040661068902,2.5296746856402796,3.5852537121143175,5.467599940070663,10.15192790960336,56.26890606987886,7.899502206114317,3.0411650304089615,1.8984336367295085,1.8490167848323493,2.7039990077619014,4.634309802220189,25.93867081441821,90.2068482461496,13.037633887975025,6.115851670146632,3.4419756045286296,0.0,2.1962311205456384,5.649464860525111,90.76929397135876,25.93726143569723,10.280149341645567,3.4871371588226427,0.2722501306889277,2.989150918375783,5.371237852571356,8.237963785145716,735.476294594682,21.464376137671422,7.126013416921058,3.5136040141592195,1.6923941379507241,2.182761801831906,3.7902238238156865,5.365553268744434,66.84442792591575,10.563739693956334,8.021086781582412,3.122477548273195,1.9592807150277356,1.6987559982354647,2.6536686868920962,3.875094182995036,1.4553220888005258,18.202233826100144,1.5199531139712321,3.0237211059804063,1.8535559937359933,1.804934689512383,1.401805018688139,15.322207090271762
R8:parametric:+0.25,3.6880355381969743,24.64971789034954,117.56622255471397,13.02624423778263,7.9096346332990475,5.392600192111287,2.2642213954499413,0.9305813068594814,3.2600222913296686,13.157247829345252,57.507810649125396,6.754954000246066,4.024142309606218,3.653644823466411,4.051129218399465,3.6337222657990353,4.582559221558435,52.673227289274344,24.64220991030419,8.334663951546988,3.0622433338132033,2.242714824367067,5.256397334901427,7.316639115414481,11.468147333999484,14.548506248958766,11.927509058042167,5.301654885102258,3.7141094519300224,3.8747093679450813,3.906447179675068,4.8930285114099865,6.250323167282274,10.68041312415713,12.547188600352877,8.018488977749506,5.5267410939742225,3.9306380848780336,3.5283040139426878,3.245596207836085,4.06426299463232,28.10858437260026,506.10266366654633,7.324019504080317,4.106334391400834,3.7955483366823004,4.218393444875529,4.855558386424319,6.842426142704514,10.829159275866703,63.65017013613298,8.449324844204032,4.912087036179062,3.7041576005213663,3.4899171821905948,3.6417045172073443,5.564553890684862,24.654809524940852,117.68194120726574,14.460330639287834,7.977954631022973,5.523913487076091,2.1962311205456384,0.0,3.4390121966020186,118.41609436406449,24.650032972671973,8.024768829484874,1.2001332332309167,1.8452004041757732,4.912016020641445,7.240527175789609,9.900853857451386,966.8685103475246,28.116329999072263,8.405528834192959,4.875185532261293,3.5935843902083544,3.7144234096499855,5.104471108824261,6.744857144098959,66.89675754016238,11.265839327781915,8.569929152250849,4.8907849696329295,3.9073055932828313,3.595955613285864,3.9068899190698057,4.672214976658813,3.49914596351785,16.254437198025265,3.4855298519143942,4.984794023037604,3.9261852900129353,3.5353490277355744,3.4616688078918325,13.35711795492704
R8:parametric:+0.5,6.91463572291268,25.276900710684707,135.54827857967848,14.999462976675364,10.581883013681269,8.680247048226732,5.282649294572431,3.4306133854073164,1.4077525907670994,14.038914289380472,60.537561585177386,8.183993617302251,7.431636351475492,6.749559066798936,7.579951854017783,6.6003700427797725,6.9135242582001055,55.20186527606458,25.294220730326685,6.870417078645685,3.51817949851606,5.625305141355687,8.15511227646293,10.134611268008685,14.557716708463145,15.587639019838852,11.883832670531902,7.232014126026268,6.909762616086374,7.367333816898874,7.103141232701641,7.455366640013221,8.527524127715122,11.508279861053287,13.41786285377547,9.811936112165501,7.970639418175451,6.778154080170506,6.9054333173564855,6.072270865381739,7.298887480933218,24.03631089233655,470.14623791049763,8.916509346476268,6.624191377644801,7.107696011903347,7.516536777904236,7.874480953777063,9.321631407833674,12.023375898164469,65.88335275472987,9.361342251965572,7.629290982545774,6.778800780777077,6.684693976827039,6.664000096968423,7.1816151431875515,25.289275190183766,135.71770420891383,16.690678327030586,10.60881738783471,8.671542786725785,5.649464860525111,3.4390121966020186,0.0,136.55327770109437,25.285592077783274,5.012485825334389,2.2860608787928918,4.908648010035295,7.831771043042618,10.043640550334448,12.459087735122905,762.0776892939098,22.353223280824782,10.291516589245024,7.622626946515673,6.64309110492793,6.51378761999609,7.763851484032193,9.230395260752747,66.86361232048964,12.528899342197542,8.934375567893943,7.462096546279843,6.9809951301802124,6.815542421362539,7.141840099402249,6.571888756301626,6.491364262640031,14.869242091394517,6.318865628016512,7.8760717296867755,7.268389810953825,6.7052047923217994,6.6876570518950444,11.454271298295122
R9:open,90.24776125189139,3315.547362969525,24.686117887439515,28.130659740301937,57.6122286633048,79.79902928686738,81.87014328453265,121.89964675800557,147.00808688486615,149.19026432348056,43.88804390192408,69.99886635021555,78.42292859671076,81.0641728812711,92.72377825694382,101.84222405927841,99.00470790494383,36.634934235977596,3173.5917818636426,264.3888007489094,142.11020789103955,112.88374854303055,98.15103468903156,52.371018930832555,44.988629247357444,97.52359445874225,51.056359900619874,72.93153738489961,87.56585915184823,103.29679875341616,94.335291322061,99.99767312991693,128.90464729060417,52.37304102057375,87.58364870152226,110.5003843503369,111.86347837253913,120.52780840565221,82.6896398115428,78.60105378757031,78.06421756579351,3429.327822797163,603.8053305247204,52.85898591580773,65.07455534237513,81.61178152420788,94.95331103445162,117.03174327728433,136.3286530373228,117.02487704463879,50.743415165536,89.80853371311122,78.01748000941699,88.31774922811883,90.3731202783638,92.44017938515998,92.36773199785384,3429.6023709555593,15.52737817236529,34.59454372780941,65.72915264253825,81.11597751600497,90.76929397135876,118.41609436406449,136.55327770109437,0.0,3429.234398379661,185.6877393397557,134.51070406801122,88.57965940219474,80.08372481429929,80.15707408622933,55.806812210841656,8199.571593947456,3271.2054646378256,62.66873916715367,74.73846480306176,76.66859349548697,93.19108628179912,113.37846537420344,130.1954490688145,68.39800279876408,110.69505271538867,90.91702846562585,100.88804915688448,78.39226290877427,87.6948268431553,97.51853345180315,97.13471609714354,90.58701822881724,109.78099181410602,86.69338712254469,85.56804010620812,89.56809544538302,100.46131621847628,84.00191205091755,136.9861458034718
R9:short,24.321003656794137,4.0754248556730035,2096.117222594465,23.609864480255908,25.33962047920383,25.684445573583922,24.319763225741198,22.983371202804616,26.702445386118267,23.9101307620428,76.01693954603265,26.642012228744292,27.422975561124407,23.932443369857815,27.647849255538095,23.04585988156531,24.65147929147663,72.97565343610388,19.583054485757327,25.334961216058602,20.706259826436746,27.896506059691312,23.719062352823258,24.072956303034626,29.55932818626142,24.139965515510664,22.701831904137173,24.04287496756037,26.20185164861629,27.201596036120876,25.32632611747254,24.315548333775347,21.90057135233512,25.61591273646274,23.35525811235544,20.028837933303855,27.13440739683483,24.24668934039767,25.56824067372652,20.88920937390687,27.52697102243527,26.91391625970431,325.78594477906734,30.523583153825065,23.829439716814957,26.93920002529598,26.82488707770582,27.695601051386916,26.616018293336342,24.29049934377844,74.75112727562299,30.206497111435148,23.193691479815616,23.392161554916367,24.12767739389251,23.832737251046833,22.29742795252975,2.7197936764236874,2949.522945643402,26.48869528922074,23.325667319105197,25.173744787223836,25.93726143569723,24.650032972671973,25.285592077783274,3429.234398379661,0.0,26.783466853601546,26.257920203190626,22.090275736066832,23.053647975894677,24.205965760133083,25.076818833664912,383.2464862689131,24.95644776147207,25.792533219546048,28.942183715246596,24.54380333265863,22.747714389726234,25.04084831698725,24.941617812930495,79.3335236462198,24.3158670088865,24.377555150776207,24.461484263983685,24.469582025717628,24.218762744602692,25.513704795886692,26.367256696952616,23.513556084832796,23.473224892943872,22.812889308591647,24.145529496422462,25.41782475877686,23.841313091342517,24.340550454368923,25.755220015900672
R9:parametric:-0.5,11.035155067906802,26.776496866556943,184.1249874005327,17.22742182759817,13.799775675180024,12.784625419973672,9.610134805525565,7.570470337162687,5.816098715828911,14.934346433960588,64.95631468512845,12.590381565604382,12.099622122234074,10.769153057768008,12.216480184899643,10.465507295011918,10.876282718033226,58.74681071626435,26.80073714009859,7.283835126966993,6.139944118027924,10.542523826351218,11.895463233332816,13.568268060978005,18.366705426907256,16.73574319739215,13.230155387976117,10.510068374302481,11.146895513228621,11.942875609182586,11.355233854241103,11.09365290319653,11.316097267935081,13.553593942713844,14.38927859981361,11.947008166633088,12.260213900936332,10.860685367697302,11.282947778478144,9.594010621996603,11.946760269663068,24.645901495869314,471.7785245384439,12.697132921871598,10.595484580354759,11.692114423845926,12.007648223106491,12.511019197257404,12.456891550399126,13.245360932126792,72.34268961614067,14.209459694498317,11.078469241097137,10.659650832109982,10.784681499826283,10.699599458558822,10.255463338937322,26.79381559795524,184.5323007731393,19.232649213797814,13.767252573013913,12.630918439736247,10.280149341645567,8.024768829484874,5.012485825334389,185.6877393397557,26.783466853601546,0.0,7.287777844085923,8.899009811899402,11.4384161783784,13.561932651911945,15.506220711933516,769.7607647945218,24.387417410304565,12.5875972863207,12.498743005335514,10.853494215528759,10.356807811886368,11.409510450170766,12.153785587260423,68.30043706592731,13.810656295667071,12.023586556640591,11.45517209114003,10.993880683247028,10.93132978123892,11.415640686463787,10.637834026995755,10.483019912438616,12.832321795502212,10.02179143393487,11.57805354161605,11.557599492406386,10.746005043224596,10.849718596079201,10.076124384519494
R9:parametric:-0.25,4.940499922697931,26.270137346109568,133.51006002150976,13.865142679331276,8.858393782118803,6.714405922899935,3.3255523678613517,1.7546936426761033,2.065118937322283,13.395772756226167,59.66728683607277,7.601343602194013,5.303712330611533,4.853791956233067,5.262623141179793,4.588315885302108,4.891050667742822,54.41237983425685,26.264965039097728,7.8237282342653645,2.719540929508422,3.2763805018947836,6.438344089765549,8.40859205813624,12.494378752492006,14.973587882055432,11.916718598744504,6.247152314351014,4.921838628232881,5.1605797021201525,5.116108707420422,6.065978153860919,7.314984106121358,10.685183853527194,12.894309091788463,8.85727232212026,6.659452100974795,5.032724911237662,4.834987913889379,4.341656956037795,5.090712673779137,23.451428128088764,479.2916817704514,8.113859533828878,4.916620832664687,5.1286255687195,5.595159757215411,5.7104310812902215,7.754359099365144,10.916477529277296,69.5751429810478,9.423329430440608,6.170326737524802,4.897240191921873,4.718103367837507,4.680042194276015,5.7069279112487825,26.2599666386259,133.6765927476519,15.39891864075312,8.880159255193732,6.68847770077831,3.4871371588226427,1.2001332332309167,2.2860608787928918,134.51070406801122,26.257920203190626,7.287777844085923,0.0,2.9815425586288464,6.1669512251477565,8.340877006605162,11.240634566115466,805.1098844776722,23.18807573946357,9.370445773672522,5.81965165326174,4.823149284409499,4.862487302860817,6.263124055324189,7.6568839548643295,66.87881486728666,11.352159286978672,9.535304852679658,6.045490549041328,5.074428192508709,4.843088363951402,5.072813411845075,4.808458640856925,4.682405240503586,16.60746104252388,4.73502560446616,6.343081349708665,5.230994302879139,4.761327164755823,4.697468639153805,13.276066165382423
R9:parametric:-0.1,1.744684974258213,22.082518719771592,87.98380420071331,11.635338045585456,6.060220415729864,3.339312143639642,0.6387842005039771,1.7229817384126165,4.6454830396157725,12.758509980186842,52.26196583392578,7.152613216211154,3.043444678842373,1.8330696193396965,1.9423570064990965,2.7444642464580906,3.794735449071056,48.48176828554324,22.093655656806895,8.743191696737956,3.288778822292642,0.9843991680366158,3.2338414161119386,5.400198836988332,9.18097499959126,13.791581061725903,11.869289144936284,4.07521143575074,2.3985986753817947,1.7964261133389765,2.2348171087342754,3.237699013984367,4.7357718343094195,10.64277730911136,11.917016854996014,6.782059071950715,3.926850800417614,2.3193318218218204,1.6284579383548203,1.8858861004244531,2.806031298976728,23.18887030959139,478.83193311281957,7.314719030641139,3.552790800628034,1.8082149511669943,2.6835154496345033,3.744668522421491,5.713418778445286,10.086333782305154,65.09039640840818,8.88510950841235,3.175963701538847,2.065030201784602,1.8020796119317202,2.6568729340212416,4.569227114735682,22.090475627550823,88.03283258870759,12.75743279005978,6.1528601469073205,3.5087382049806055,0.2722501306889277,1.8452004041757732,4.908648010035295,88.57965940219474,22.090275736066832,8.899009811899402,2.9815425586288464,0.0,3.1151398826212904,5.33694901073634,8.188452593477114,803.2438010533094,23.195292777051097,7.331618570207893,3.599489939196025,1.8188589362710075,2.2940066739534664,3.9658538866661215,5.609488831731167,66.86485176013748,10.492324767003018,9.001992288536503,3.253292733031098,2.1292891882385114,1.7050649028054865,2.6098229850130195,3.829500038861667,1.5357262955655275,15.94905299082815,1.7167023182032655,3.1599084997571043,1.901870107280734,1.918413242098296,1.4948134654208118,13.559623232482418
R9:parametric:+0.1,1.4462436819774482,23.061024614119376,79.5359791107593,9.292885492412726,3.1106118875296573,0.3597077089909582,2.994280854029281,4.771344272750435,7.716615991990538,13.65510642970252,49.28135226339236,7.414165316376985,3.3707429183456594,1.8361350330596393,1.6925508559228577,2.0293654915393704,3.8977175143955574,45.88385049749086,23.057901605911432,11.318646685487002,5.5867669886617115,3.360597577374334,1.1354725613305372,2.7343897923773124,6.361697759261378,12.431146551099653,11.890726255493371,5.582789027268484,3.458290343553485,2.263686613711242,1.3816951942944617,2.048116831900395,2.660130425712157,11.101443554082055,10.766912212311905,4.526501822261571,2.2611940604916083,1.62475201141894,2.1889980161203764,2.625405682724318,3.9565683538644607,23.850991852605382,483.52350102733607,8.801499686487936,4.7405245809508045,2.530249641065003,1.7245954900460665,2.9934566416494164,4.577893093048029,10.782794453077534,69.9765614078694,9.236157800668893,3.5152097891301577,1.86696673427318,1.874442654671128,2.3742750485793445,3.8499506972884414,23.05488360143793,79.57444127704996,10.124458691139974,3.2335583135840786,0.31324734834840895,2.989150918375783,4.912016020641445,7.831771043042618,80.08372481429929,23.053647975894677,11.4384161783784,6.1669512251477565,3.1151398826212904,0.0,2.3046610452115326,5.274290695326768,827.082693461076,23.857606251705324,8.816360378122928,4.559253672378276,2.4079765129694604,1.7982809851795478,2.9240853577921335,4.857045135990157,66.87384220303942,10.761952174223664,9.350203946744655,3.2504165046226574,1.9819664366727217,1.844016440550246,2.4806709125007216,3.727101179752208,1.5654653635880087,17.652464735890696,1.5856248059399163,1.177975733384691,1.4006698225156695,1.6166157416932818,1.704242890499241,15.545584281880592
R9:parametric:+0.25,3.8412911043152027,24.209152781980215,79.59451826489101,7.530899204959577,1.52983992477541,2.2598507144494144,5.4200951638788295,7.150782918791722,10.014695858000524,14.14052808331078,48.576898241642155,7.767484824522156,4.530933522068326,3.8228477708232322,3.9378843859811776,3.805916325256074,3.970572742002298,45.172937298830995,24.202883464638827,13.524439972631715,8.023368578674145,5.799159171471975,2.4362717016047646,2.44006412864231,5.382458582830975,11.288527894057296,11.982945070178255,6.881275350976481,4.960307644187359,4.169067105601274,3.8063550820442758,3.850165002626248,4.29057444265811,11.76072017600901,9.792698665147721,4.526600940889036,3.843445317057096,3.9391557576429728,4.112464519630635,4.408156829772289,5.454220513830708,25.62869076160883,496.08803132068795,9.766377631210139,6.1131464009754195,4.125442498983277,3.8744869168537295,4.573927729790725,5.920703338489665,11.129869646398147,73.57672566180287,9.657813459645352,4.690718667908119,3.7977131387696796,3.9348791531607223,4.198172887894095,4.7118677401969284,24.201369256324483,79.63497335170915,8.052157290647685,1.0005164171216336,2.1136340967148834,5.371237852571356,7.240527175789609,10.043640550334448,80.15707408622933,24.205965760133083,13.561932651911945,8.340877006605162,5.33694901073634,2.3046610452115326,0.0,2.922311953029047,898.2101563839656,25.63587709342408,9.780463340641715,5.9343321316853235,4.052147863552558,3.7046369200623053,4.485458462987131,5.962553794549787,66.90745294588326,11.099647559811096,9.767163642482817,4.413681241670815,3.8263600285201416,3.815163223386581,4.366071360587019,5.277342026904156,3.847330309195296,19.955644989473402,3.875187634113365,3.5520361089730024,3.762753256591805,4.039707890009361,4.100830125837987,17.867978959191866
R9:parametric:+0.5,6.674890621212969,25.082687046690193,55.41427491891197,4.794495292616905,3.2735983773642645,5.285056532913167,7.921349405550705,9.525391340988232,12.200309700114902,13.498055823940621,40.13066508944718,9.245643160001416,6.97649403176822,6.511737785036518,7.100779779617472,6.762694426169131,7.237040099173742,43.13109410810597,25.080202652459967,15.290528802325499,10.36898455459452,8.320395023595385,5.121283887371977,3.9530423091138016,4.10432655048659,9.665981732945752,13.164742949589213,9.05679906244953,8.400470319218261,7.5523159142609,6.408817355768436,6.383944117529587,6.155872222149578,13.10299175329459,8.400190302747056,6.117605348888113,6.444134022918389,6.470958963028212,7.51348158090414,7.621842104979562,8.989693670938463,24.681177249493608,488.8678030224502,11.30413182167652,8.02132911424203,7.186411654683178,6.702322941288419,6.679964650040046,7.2323177355272,10.674794349577832,68.72860151642057,9.103951435567511,6.452077121580567,6.434990218740574,6.9263446100153585,7.437827274167162,7.996313526344627,25.07780179008577,55.42871070158595,5.119192365124043,1.9354526011595121,5.092880585554412,8.237963785145716,9.900853857451386,12.459087735122905,55.806812210841656,25.076818833664912,15.506220711933516,11.240634566115466,8.188452593477114,5.274290695326768,2.922311953029047,0.0,856.0896825756888,24.68802556347718,11.314815660664033,8.30622501291779,7.441250290300453,6.26279918010717,6.422753922806386,7.267854263539518,66.88252987014354,10.65691145361041,9.184112168288548,6.246471194751536,6.471961872687067,7.017155578876672,7.766712580416453,8.813668299955069,6.693103116611493,19.624700732247014,6.69847989965048,6.097436033864367,6.632019991288468,6.724956724101687,6.905091233361154,18.038676963111193
C1:open,781.3393679445103,1046.7355229668076,1045.9891992510018,574.765566623299,821.1896138819117,811.4599656107359,806.2325467124199,811.2860198660984,803.7636119603992,682.2503908475711,75.29052876675381,645.2341696400329,752.3577321793007,686.0176710469735,817.8800032723053,843.4324011494097,946.5642985180548,72.28868661271815,60.335467887419696,1111.742090910532,920.7604841301464,783.5367331553639,859.6264950907936,667.5599038017642,557.8023110156606,1325.631987306887,161.72574454320585,414.05396048267306,597.37912878923,743.3931618471722,814.4586108200058,800.1479022762846,997.369051271655,144.6235016477659,1202.875167129458,1024.1506403964313,884.5997487652014,892.0425617605969,713.7154850762811,692.9818413511038,553.38684707108,9030.559070053469,13.604868548437663,313.81521733298854,638.4200522058208,755.1539201796661,894.1779790900933,1140.2277542026911,1026.083545023804,442.41244819465453,183.1453004308762,689.2773903499319,741.1657843930828,748.9610622610127,898.2006971472199,831.230271030452,853.9200853089617,773.4508538273649,6244.869012163482,727.3789133140868,886.1736497744157,827.7991982502999,735.476294594682,966.8685103475246,762.0776892939098,8199.571593947456,383.2464862689131,769.7607647945218,805.1098844776722,803.2438010533094,827.082693461076,898.2101563839656,856.0896825756888,0.0,9030.62898187934,337.12464182352363,613.9207785755152,756.3327680721898,914.3032490579807,1030.4563175960773,1103.8861824318365,78.51913210407162,451.7626156386446,709.3521139927948,822.4453528670484,739.4086474003475,896.5621732890465,789.3236830595471,874.6147391081793,936.85727422668,1450.905327570896,752.381171334802,827.5449859606582,824.7237504797927,840.0229841331264,767.4959071006808,1398.004417539623
C1:short,22.488348035635607,26.78465257155501,2058.048868426582,28.731145889740322,25.09867198782155,23.80941128964449,22.94343471739724,22.788912029553888,22.304620023525928,22.11380470153167,181.91733339003022,41.3093430364447,30.239718267714174,23.96300140045236,22.821400570339012,22.1058016249647,23.20393120174114,86.77251788334026,24.93476429658453,21.72724846256521,22.42046312657755,21.208390954239935,28.606266423026923,26.705943994893154,27.874583184490472,31.117524499744317,66.12383704428264,31.486281422841262,25.18601661000035,22.846251467512083,22.739981452920972,21.676343540657335,26.25444075024339,59.35724410253154,28.154553102617644,25.58994024400297,23.58199006969913,24.94093665772484,22.795423200667035,27.10586884985716,25.635159696056146,0.39579803655092716,604.2380548141753,39.178985781301726,28.5419518142192,23.499462195855692,24.044485679160964,27.917688471170997,22.18147557336195,28.196972225968295,850.7901484108057,45.64549778119265,24.12095850598113,22.262756612378794,25.21036249837436,23.27745022309025,24.29247005219765,24.935239925559944,2846.1402798432446,22.317485918604522,26.331100259474777,23.86635516630281,21.464376137671422,28.116329999072263,22.353223280824782,3271.2054646378256,24.95644776147207,24.387417410304565,23.18807573946357,23.195292777051097,23.857606251705324,25.63587709342408,24.68802556347718,9030.62898187934,0.0,40.53194938935634,27.270369396359484,26.808107891850348,24.302199771330105,25.08949009202801,23.633769126156903,824.9356317562197,26.323528720916414,44.6800719328465,26.055023626929543,22.03343569941502,25.330931738769525,21.506957172498,22.93643965378902,26.465344376309194,21.046277616701506,21.664104713460357,22.92607119260195,23.72964633841284,23.2448198169996,21.975302384856004,23.264309224859396
C1:parametric:-0.5,7.734989486182698,25.81200153895873,62.20978226607767,10.793826364273865,9.772457262075264,7.866192990088314,7.340416640335609,8.961786850348586,10.882820305866561,25.367772962056133,41.930127047134604,3.500339907079695,5.948220567789757,6.635797766421222,7.79883887910855,10.022508940881593,10.314991796907856,44.74466234138365,32.96451930751852,14.886342107540944,10.646477898192725,8.377968742044239,7.997417295661857,7.28048894854636,8.780862512208554,13.79618678749672,8.314838053313503,6.35805462457494,6.063885008574552,7.0210167901853975,7.517599546312836,8.862626463580606,9.578820602009051,8.036405605002898,11.897500670122167,10.764970275897667,9.204834641883021,8.26438757661156,7.335161018708245,6.3740614069802435,5.755904063076259,40.54644278043232,296.1594514447265,0.13826072538639,4.764153277991024,6.878006192487595,9.953845043107801,9.964069192198957,12.649585861076906,21.55198577529684,102.90433504365423,5.990428904303419,6.448089767525624,7.447641377635705,7.884103046604515,7.975604945719207,10.821025505308437,25.810877427572073,62.23173825357204,13.036209283348173,11.08496183923222,9.084667855690327,7.126013416921058,8.405528834192959,10.291516589245024,62.66873916715367,25.792533219546048,12.5875972863207,9.370445773672522,7.331618570207893,8.816360378122928,9.780463340641715,11.314815660664033,337.12464182352363,40.53194938935634,0.0,4.657804466261532,6.463329091014207,8.322825881113125,10.474430610550712,12.57558411555154,65.2029827454816,21.326253975748614,5.651002060525848,6.376157213526251,7.530548422450357,8.99507877231947,8.208648376007279,10.402644871449723,8.402055306351334,19.39421040881364,7.892660975434994,9.359473684431896,8.131449388447958,8.639895631009134,8.438675440671418,16.60260194626805
C1:parametric:-0.25,3.6036227433925663,28.94147168896628,74.21745896414653,10.861254407208834,5.576866381508423,3.9408420346604776,3.8042333444653953,5.456132651835456,7.49258731065184,17.13975967574996,47.11519703436866,4.528944497245194,1.7018319352404396,2.817259176381843,4.091085218604055,4.9598055037478215,6.683243694783772,44.620533847484886,28.933492734008667,12.162516479789264,7.176272419276418,4.502908850061461,3.700895600711019,4.326966650170193,8.226529112715392,13.450211277711327,10.464643614704139,2.9611449692095415,2.6373473059482766,2.95285033918261,4.076098727991937,4.934328548843795,6.117215105895281,9.408689137111448,11.591794520266633,7.884797199849224,5.50940773031281,4.198992371459552,2.982788711283523,2.763850838246,2.7872709492320844,27.281201360913563,428.15503748168203,4.614185833624076,0.2577641307557112,2.470597545262545,4.961839172370179,6.371777291695547,7.846769199217891,14.23462594526922,73.89561587072626,6.3143867691860365,2.9146593017487024,3.3249756661954657,4.177608857856761,4.687160512959312,6.7997658444027085,28.946732006353773,74.2503883121931,12.37225574815743,6.925859519125081,4.682277254470059,3.5136040141592195,4.875185532261293,7.622626946515673,74.73846480306176,28.942183715246596,12.498743005335514,5.81965165326174,3.599489939196025,4.559253672378276,5.9343321316853235,8.30622501291779,613.9207785755152,27.270369396359484,4.657804466261532,0.0,2.400408544565457,4.921163422113883,6.265109951700321,7.934268964506346,66.4175963284975,14.180223203371467,6.460748278072252,2.9981451763536784,3.2052963943999284,4.061560658115274,4.690367742634622,6.597586456403581,4.126799320900463,20.87801684728936,3.5407728563265284,4.796122681023893,3.6875162834935113,4.245431880339301,3.6463636697632524,17.740767176588943
C1:parametric:-0.1,1.3188100683564201,24.55992687123335,76.14944218412813,10.706599446235876,4.703522521037882,1.9747394453169813,1.8019552380500403,3.4988255334265603,6.5230829613597,15.99457955599903,48.498806416621576,6.482956277668377,2.053817689389222,0.7938672457104868,2.0006759743899063,3.1461994097048103,5.235531860994421,45.26705699834672,24.558603184305177,11.202399830325792,5.138017104320582,2.5890065095584176,2.150843969767782,4.045809253674573,7.631024528832981,13.290784980795564,11.442047808999714,3.1678273893913054,1.0832140636626222,1.0825749434955256,1.8857407329154698,2.8987148455308707,4.251779685010999,10.264534485681283,11.478189252117476,6.265570384913368,3.5554493737950854,1.9860098454278348,0.9939924094411926,1.1600888017758713,1.581235316120129,26.819681637657727,468.10843175967466,6.43424753363899,2.324812211984432,0.08040540696767187,2.5413803028535424,4.241661036792731,5.779393261675487,12.92423534418833,76.624973792456,8.374418247202543,2.2614785844454817,1.2596219859165467,2.2208115541469144,3.176739622653039,5.2806593645213535,24.559139117807355,76.18290809659499,11.835706372447987,4.984517696392826,2.4742516644033565,1.6923941379507241,3.5935843902083544,6.64309110492793,76.66859349548697,24.54380333265863,10.853494215528759,4.823149284409499,1.8188589362710075,2.4079765129694604,4.052147863552558,7.441250290300453,756.3327680721898,26.808107891850348,6.463329091014207,2.400408544565457,0.0,2.686067478933087,4.1607625179526275,6.066584270792716,66.73453853058186,12.872629378215972,8.499065924676943,2.3278561099851585,1.1581708057792666,1.927262509927731,3.254572620862247,5.106883839182303,1.7609648415192154,18.399956418939478,1.2859701606469132,2.5270880690411923,1.4149979112913216,1.980447676888742,1.383461668846379,15.815911756427944
C1:parametric:+0.1,1.2947478734699327,22.75146200474877,92.55426329309684,10.466996928186026,4.454818198985769,2.1455395321174175,1.8963181907023967,3.514680892647102,6.453213006457537,11.368225174964818,53.0403700445137,8.284705317443468,4.140124014766089,2.1378868088012033,0.801657478523868,0.9914802266660769,2.531277209779945,49.0691570531486,22.74408992229167,10.332091265340683,4.4727225462641815,1.9093575649429613,2.8458849252639906,4.258684329365835,7.943618833899138,12.973157863006575,12.315349254216956,5.249124906119164,3.2118276768879586,1.9640032602240167,1.026100116363105,1.1878111685405195,2.8226663028943926,11.032465920493102,11.230704799574081,5.171871570849709,1.9287882516304307,1.0079720865147357,1.8184382625761382,2.4193628942274623,3.6932077503094267,24.294897431865934,499.2843747996521,8.303321494014252,4.91196791704104,2.5958288817456157,0.20814691114673878,1.507942686178929,3.3298030050539658,8.63246085114675,63.06441155516524,10.020754951243948,4.115375919742471,2.1138966298419515,1.0010618576436552,1.3535286036642264,2.598012543663025,22.742309366619867,92.61201049439236,11.234790060751369,4.478099971038165,1.961655725719472,2.182761801831906,3.7144234096499855,6.51378761999609,93.19108628179912,22.747714389726234,10.356807811886368,4.862487302860817,2.2940066739534664,1.7982809851795478,3.7046369200623053,6.26279918010717,914.3032490579807,24.302199771330105,8.322825881113125,4.921163422113883,2.686067478933087,0.0,1.5121636112080814,3.5949601396075357,67.00467050941182,8.85859439782565,10.12618902165927,4.1423278812083595,2.2332097662142023,1.0776006705495331,1.3889439349622428,2.3258611282208115,1.0585464167323952,17.705321757093365,1.277506704617702,1.0995320053025215,1.3225284192440498,0.6976007051068207,1.2740927091262377,15.312927477128325
C1:parametric:+0.25,2.7341309241056626,25.04496213532886,112.57387685491209,10.631493834555933,5.302087348979981,3.2990160629097995,3.1667864088445032,4.234791209949478,6.9951645656098975,10.436988615683068,56.76593387646549,9.57335485364009,5.4557393457167995,3.4200988854170773,2.2589799819246297,2.114093217359116,2.139997431399817,52.08047446038908,25.036869679768326,11.454087286014373,4.9810332876163965,3.2297883233656117,4.2454859828664055,5.211616668728107,8.996249749451376,13.012893358895642,12.971749407916349,7.118413992479301,4.919161828924168,3.3869969757751144,2.264458112408139,2.1573838177948557,2.2315765308305853,12.886346265954364,11.24137125612861,4.530074437483709,2.340073565292468,2.401956838978976,3.194495663685783,3.935593897791613,5.424891981526894,25.081267028201133,515.955653492943,10.470849338198981,6.299217850835081,4.064593404630391,1.7011159251506311,0.20854110255825334,1.9398507200623405,7.358782715461522,59.1669170909267,11.283556500075584,5.294957566187127,3.328687443886497,2.503020044901581,2.6842103488015403,3.2678496417860425,25.03491513466781,112.67586216974377,11.464236908642802,5.076886753317837,3.1121957565727025,3.7902238238156865,5.104471108824261,7.763851484032193,113.37846537420344,25.04084831698725,11.409510450170766,6.263124055324189,3.9658538866661215,2.9240853577921335,4.485458462987131,6.422753922806386,1030.4563175960773,25.08949009202801,10.474430610550712,6.265109951700321,4.1607625179526275,1.5121636112080814,0.0,2.1802208728495294,67.13406806871596,7.651238019633674,11.376827371994183,5.345641018947511,3.4354998232702907,2.7019958630496226,2.691842444600439,3.5320658577339112,2.6553890162407052,19.222541582637096,2.67993733518668,2.311682178067706,2.814984877862366,2.1453676434333007,2.773640371919792,16.502952173862575
C1:parametric:+0.5,4.6472661081846995,24.94190103851931,129.24432669887918,10.631415079789646,6.477094745762296,5.116435198517193,4.627254363164927,5.692085896022527,7.931112568491216,8.401295265782172,59.451725141966946,12.017264100113813,7.797637007431887,5.6410260859208075,4.2195736720455725,3.7201445854181,3.2777170031393736,54.28558309530663,24.936909305638775,11.342066093137522,5.85319669079891,4.856953556092027,6.187613288913213,6.8572806691247825,10.100936894281833,12.92373622573275,15.365334361495924,8.946675914817172,6.5925454959773235,5.250460925077787,4.219721262224233,4.117661347813296,4.102582938600699,15.269832544361945,11.166597905800382,3.709769381630105,4.4916051503852685,4.48000524379011,4.999318530889679,5.571680515978897,7.120015657773135,23.624977347945944,525.2301145659717,12.589510793446587,8.022036497976774,5.965895151601753,3.7612639870223035,2.3751084113101184,0.2020657007023075,8.840696930963075,55.740831340732605,13.748365421846513,7.383775569486433,5.431509847107322,4.541160805922994,4.103314021150439,4.907142744338892,24.945481875194638,129.39402983164823,11.5192770623782,6.373819869958646,4.850320321800484,5.365553268744434,6.744857144098959,9.230395260752747,130.1954490688145,24.941617812930495,12.153785587260423,7.6568839548643295,5.609488831731167,4.857045135990157,5.962553794549787,7.267854263539518,1103.8861824318365,23.633769126156903,12.57558411555154,7.934268964506346,6.066584270792716,3.5949601396075357,2.1802208728495294,0.0,67.28640138408676,8.917884321949293,13.818465515872647,7.479018778804826,5.448055011869669,4.692379541721674,4.223273546703251,5.047092932021435,4.80506522589176,18.594751830848786,4.541941820098035,4.384606921804514,4.801742375177829,4.137679315538007,4.55697458966703,15.995549186564505
C2:open,66.86191644012293,79.3366642783488,402.823908072757,66.474745450374,66.80906994246743,66.8454478408403,66.8857613550321,66.90487750634838,66.9276503282598,93.9561177772134,17.064043304574806,66.24573905778576,66.66203659410961,66.75890439972395,66.9158432322253,67.0042438397947,67.11055173063878,19.09098240958609,173.14821869463222,72.4550478538492,67.11283677339847,66.94427403641532,66.79579738871989,66.60779990809019,66.32418442905558,67.21165493447899,64.78780090355984,65.99138897487703,66.60685262061814,66.7881983201201,66.91394998964029,66.94885924499197,67.03379956445669,60.558965527997465,67.20265155897471,67.1024206829709,66.99382202798348,66.93364090830929,66.78414710420206,66.7185972147875,66.47335827617829,825.1280981622117,46.35743577025592,65.10047320140721,66.44655785786853,66.74143213675768,66.98512898027968,67.14348307048577,67.26458948324272,82.18612533168076,1578.5680412937504,66.43733576600454,66.71106537363028,66.80498673985892,66.93207225701484,66.93958254046663,67.0045277194022,79.34208354274158,68.33215046357024,66.85094126942205,66.89739415280698,66.87474227254407,66.84442792591575,66.89675754016238,66.86361232048964,68.39800279876408,79.3335236462198,68.30043706592731,66.87881486728666,66.86485176013748,66.87384220303942,66.90745294588326,66.88252987014354,78.51913210407162,824.9356317562197,65.2029827454816,66.4175963284975,66.73453853058186,67.00467050941182,67.13406806871596,67.28640138408676,0.0,77.53010054672312,66.4397946298069,66.73811098771301,66.79760295204873,66.92074188791557,66.93772015267697,67.01199466235697,66.930101874367,67.79795639705559,66.85051013567815,66.92829953736182,66.87658038031788,66.9335103015408,66.8639816328826,67.67258372130553
C2:short,9.703089490687361,24.334225519646772,109.91265622038021,12.655800599471247,11.405190010059592,10.866473467529875,10.373217066659615,11.357610058140796,12.406022748257831,4.895446361224123,61.19838718688043,23.284415229207152,15.706557009984104,11.739294258350453,9.069083651277513,7.481608110052102,6.651139594119987,51.681859611099206,24.332766996065235,10.071884433585007,9.313923848232108,9.74234037580362,13.553851118532263,13.703247105723017,15.262100445775713,13.734216799668669,20.557157488624004,13.57840351560986,11.45405296825132,10.5250765622703,9.510924208027335,9.353237061702183,9.447784469279476,19.75920797433597,11.854167139341719,9.030349203962745,9.786182135861754,9.43190352584738,10.565370290757972,12.12425350821492,11.525910797891914,26.347780231194793,362.74451600282976,20.83897615354414,14.68396546938255,11.135225612097175,9.043712593178185,7.708552827796844,9.012690306848436,0.18941069756254536,130.63665425680722,26.373103337549,13.264446007905025,10.777161061147678,10.613512257626596,9.172207102822307,7.811703232097203,24.333246211078748,110.00807331153634,12.83054494308783,11.796637394785346,10.15066601487787,10.563739693956334,11.265839327781915,12.528899342197542,110.69505271538867,24.3158670088865,13.810656295667071,11.352159286978672,10.492324767003018,10.761952174223664,11.099647559811096,10.65691145361041,451.7626156386446,26.323528720916414,21.326253975748614,14.180223203371467,12.872629378215972,8.85859439782565,7.651238019633674,8.917884321949293,77.53010054672312,0.0,26.099953668080673,13.67150806499885,10.716910520601948,9.281067139697216,8.057411186775706,7.434967918940856,10.802747059220668,17.391073564251023,9.687869083304756,9.393887182510134,10.476203283950328,9.60258768888995,9.994146766791896,15.031387320284164
C2:parametric:-0.5,8.547017700066757,24.37045303054444,90.26527438943798,10.504796167006322,9.659897574111566,9.187064476460812,8.657762281803041,8.093152592662278,7.805420831733417,30.042323069875323,50.91195063724901,3.3592467004115956,6.373206503687468,7.908742458890384,9.969349622246632,10.995658742849578,14.43716143631186,47.05366870016639,37.45798760547061,17.768207649929295,11.683303234024068,10.321425787665188,8.836289487378378,6.827441122486416,7.352359414944269,12.596046922136575,13.914274088119427,10.94866213403623,9.64907270492221,9.16750577599866,7.792247921500235,7.7979564243553385,7.018506915712341,13.545078373243191,10.88966304698157,7.563444659317176,8.672250303136977,8.537725301107525,9.035825034198664,10.109109010435697,9.920865785715334,44.69369850245123,455.3234681594541,5.797923182481103,6.720296164884685,7.726391065029266,10.005287915721006,11.973037490672738,12.572357106338952,26.36814498391437,103.32358045414918,0.2492519351026967,4.933625181434391,7.236183289726328,11.195588099188036,12.12284391546501,15.218125699981659,24.377781062456762,90.32428351065035,11.332233889220316,10.037815171550665,8.8919748197979,8.021086781582412,8.569929152250849,8.934375567893943,90.91702846562585,24.377555150776207,12.023586556640591,9.535304852679658,9.001992288536503,9.350203946744655,9.767163642482817,9.184112168288548,709.3521139927948,44.6800719328465,5.651002060525848,6.460748278072252,8.499065924676943,10.12618902165927,11.376827371994183,13.818465515872647,66.4397946298069,26.099953668080673,0.0,5.149870262262332,6.993321063280342,9.960204309476365,11.62451263075179,14.671619555638088,9.913548377455783,18.25225143341409,8.635515709941611,8.186645075244911,9.420952203177887,9.405374445725746,8.506524194766278,15.75191474840767
C2:parametric:-0.25,2.9628644562937443,24.465480307934662,100.16419485910318,10.513510918951527,4.732974631461542,3.212774343020605,3.0251894331299094,4.360180399517241,7.184117236401705,16.294204368693283,53.396252887819955,4.387773538020054,1.3754195882832174,2.1218384312783938,3.9469215560379705,4.9644353611817245,6.988580311006399,49.15866235213173,24.4576195310588,11.782468355894185,6.0300799246178975,4.145635190811946,2.480376167623127,3.6920336184917253,7.441396719093975,12.897253460735811,11.42343746889631,3.9248877106135445,3.2782060166216773,3.1406368541202445,2.758397712178877,2.790397138285805,3.3389619115728837,10.240049960610893,11.148419160947444,5.318114089223717,3.014344614341526,3.016774660612846,3.0536679810981187,3.3508348019684657,3.768099663873806,26.048428420410495,481.77690437087875,6.00527722497225,2.995434530802255,2.2714626108088978,3.973803388457113,5.528851417735026,6.855437531911702,13.703739052331024,66.20813226935539,4.997399301157573,0.35377736197271625,1.9156838547777661,4.290969312085144,5.134142789834684,7.084056480861376,24.455720942575482,100.2416659466423,11.43029788912835,5.219725400151961,3.283998585926598,3.122477548273195,4.8907849696329295,7.462096546279843,100.88804915688448,24.461484263983685,11.45517209114003,6.045490549041328,3.253292733031098,3.2504165046226574,4.413681241670815,6.246471194751536,822.4453528670484,26.055023626929543,6.376157213526251,2.9981451763536784,2.3278561099851585,4.1423278812083595,5.345641018947511,7.479018778804826,66.73811098771301,13.67150806499885,5.149870262262332,0.0,1.794657308350942,3.890972709466646,5.132191949608431,6.903541231683082,3.516450712331788,18.886688306820492,3.0421740515000275,2.9383970600131555,3.3009420121836506,3.52910672970827,2.9088121425992832,16.266253818296903
C2:parametric:-0.1,1.0830880107865735,24.473616057155876,77.86461959068538,10.63004560561258,4.584799798116974,1.9398550953967904,1.7980347052538652,3.748584633571963,6.785417714530529,13.07745532470265,49.20677078776303,5.284058778269374,1.5548551028109046,0.38678427206946103,1.9730249791635566,2.992535737530858,4.734685682112686,45.89342685697468,24.46568055358402,11.02398851327754,4.751801839486916,2.2202137760690484,1.5929951111858869,3.8557996644301307,7.611287510813366,13.069376808323351,11.668391530889355,4.223342534217066,2.102143561772701,1.2906558370656867,1.0801745062392731,1.8824231753219567,3.315805441312037,10.470424889240702,11.294077869068616,5.44682995260031,2.577704771260802,1.2018167836014026,1.2128982279402079,1.701029394761331,2.582869034762347,23.130899099566328,464.5940878573137,7.508575065252265,3.3666930633219923,1.1563810328221034,1.9980355043358018,3.4702178479540344,4.9621586320347975,10.646665634747428,59.782864067390776,6.8613825358983505,1.819909473812008,0.21710905505297423,2.137232812231404,2.96554195969253,4.813694208803524,24.463763916599053,77.8998127830954,11.56047780408597,4.6935104719193275,2.0191599357307166,1.9592807150277356,3.9073055932828313,6.9809951301802124,78.39226290877427,24.469582025717628,10.993880683247028,5.074428192508709,2.1292891882385114,1.9819664366727217,3.8263600285201416,6.471961872687067,739.4086474003475,22.03343569941502,7.530548422450357,3.2052963943999284,1.1581708057792666,2.2332097662142023,3.4354998232702907,5.448055011869669,66.79760295204873,10.716910520601948,6.993321063280342,1.794657308350942,0.0,1.9066679574829115,3.062476213994,4.591785504758382,1.4616166533317823,18.831855542264506,1.1606730041759417,1.6180858288307869,1.3034052900475348,1.651810091844398,1.0256222125718863,16.188079030045163
C2:parametric:+0.1,0.8069005161186488,24.211306168057625,87.09556191932163,10.587030109106214,4.5697529433948345,1.7790996274026463,1.6068438110710104,3.5340332223215043,6.583347135119223,12.020481637356669,51.526953173622225,8.082831909727563,3.8687345304533722,1.8477393023354987,0.27704987711621576,1.2964658793856882,2.9257124052587917,47.78735979366241,24.22236184174901,10.780147106905547,4.514519165198382,1.9029808090988167,1.9684229157279345,4.037734479847075,7.561493409429706,13.194317196654627,12.186005320159666,5.028121680429329,2.5482730983655717,1.0138073810655297,1.08259754347228,2.0336608971306873,3.638800253953066,12.072664832126918,11.397263024745769,5.879773006404644,2.7669194017171495,1.1271494774580182,0.8958917351288432,1.5890486091345475,3.1247429028851634,25.32376073399285,495.91695007424244,8.994287253094122,4.034566383848944,1.8352698065280812,1.292303619225482,2.6434306847828384,4.415107741022959,9.283722328776731,65.43939542243268,9.852981195071683,3.868039352365233,1.837659947503501,0.143462408484488,1.0743379241146804,2.9319195137488148,24.219205016342457,87.14468674647456,11.637790172245941,4.679681190408371,1.999681869556653,1.6987559982354647,3.595955613285864,6.815542421362539,87.6948268431553,24.218762744602692,10.93132978123892,4.843088363951402,1.7050649028054865,1.844016440550246,3.815163223386581,7.017155578876672,896.5621732890465,25.330931738769525,8.99507877231947,4.061560658115274,1.927262509927731,1.0776006705495331,2.7019958630496226,4.692379541721674,66.92074188791557,9.281067139697216,9.960204309476365,3.890972709466646,1.9066679574829115,0.0,1.2043922046508024,2.729009101610225,0.5625398639400644,18.22579303728717,0.8452196861070761,1.8540362947849813,0.6820527196951428,0.5913157007306189,0.9117865688137563,15.707718648652163
C2:parametric:+0.25,1.9768550743533255,25.506198527177226,96.83769581560648,10.530905164262219,4.804830840799281,2.256571289971014,2.501199487820956,3.8317618235414908,7.014013970940543,10.89558245031607,53.473113188108776,9.686555877182544,5.258876445948305,3.098587198878032,1.1110619535015884,0.7909433046973139,1.6957012997884071,49.34078859377831,25.517840646270717,11.220382605240832,4.833942132484968,2.185629075687555,3.3379806023893894,4.34241527503138,7.617312262311635,13.235018793071207,12.126738576383538,4.64221167142611,2.294535300905895,2.056198565379288,1.8319419126619791,2.637734838582949,4.230109754725243,10.87658780815304,11.42344303329246,6.3907275081225885,3.3708919103818107,1.87207953504226,2.130051852162998,2.2465855388418463,3.079110291467726,21.523943411476047,476.441554328598,8.195200066824434,4.7420017563372925,2.940097087651906,1.6531856715503392,2.520433637137076,4.329158694623985,8.051871282110838,66.81190216814969,11.535705440474304,5.077762753318035,3.0112016469117493,1.2085476797665302,0.2569390483128152,1.6830070888452604,25.514516367862512,96.9052931955211,11.882104297641165,5.291264736814365,2.608030023427613,2.6536686868920962,3.9068899190698057,7.141840099402249,97.51853345180315,25.513704795886692,11.415640686463787,5.072813411845075,2.6098229850130195,2.4806709125007216,4.366071360587019,7.766712580416453,789.3236830595471,21.506957172498,8.208648376007279,4.690367742634622,3.254572620862247,1.3889439349622428,2.691842444600439,4.223273546703251,66.93772015267697,8.057411186775706,11.62451263075179,5.132191949608431,3.062476213994,1.2043922046508024,0.0,1.4584724180148707,1.8394212660299845,19.064382756197464,1.8909065154306535,2.5122650638021615,1.9259112614036376,1.5074378280762857,2.0487061063189045,16.405159918042063
C2:parametric:+0.5,3.482578322026533,26.377606874235724,96.46046800572665,10.677302528359574,5.900074582915772,3.844839225016248,3.7266430789933285,4.690632861109982,6.507377613878269,10.802670522555381,53.56704209579359,12.48898987917919,7.3414865396946025,4.798481022009882,2.614135483085407,1.468811103748347,1.537233203334091,49.44594327659024,26.37322497456487,10.570532182059866,4.440198403683913,3.092060101125405,5.278480517437662,6.212740626487221,8.427059375331632,13.372715366060373,12.352211651405204,5.123708046445218,3.947877135613027,3.679822332455943,3.1867242359311847,3.566116081533396,5.098189105090696,11.770109356436983,11.547596194932966,7.107066531917864,4.278768677521734,3.3503144848794872,3.752432516666176,4.075070803482605,3.8707513894777943,22.929459670532463,492.9294120315816,10.29673177864143,6.721296624071269,4.563667926248278,2.6829264222242095,3.1744220486062824,5.155243723302824,7.4362294053137195,79.18522167532261,14.631965019543307,6.786252245649479,4.569034342666558,2.911056537099564,1.8382299093066243,0.23557498686065007,26.368990405864267,96.52668538110093,12.768867677530249,6.2011548978849556,3.595068513712202,3.875094182995036,4.672214976658813,6.571888756301626,97.13471609714354,26.367256696952616,10.637834026995755,4.808458640856925,3.829500038861667,3.727101179752208,5.277342026904156,8.813668299955069,874.6147391081793,22.93643965378902,10.402644871449723,6.597586456403581,5.106883839182303,2.3258611282208115,3.5320658577339112,5.047092932021435,67.01199466235697,7.434967918940856,14.671619555638088,6.903541231683082,4.591785504758382,2.729009101610225,1.4584724180148707,0.0,3.521554437816827,18.295085493192886,3.3888608974381254,3.5422335088989065,3.554706758376169,3.026353687096157,3.5661935041203816,15.738996380080339
XU1.aol:parametric:x0.001,0.3379612127293231,23.528544581045388,89.96545226609058,10.565886719101773,4.5898066049410255,1.765896035206367,1.4561707808892128,3.3407737098071237,6.249895924319289,13.816586572362782,52.20266761198966,7.922779961262337,3.4696587991204777,1.3690866356745879,0.6452582348312516,1.8070913725935147,3.699896538322433,48.34083932438221,23.52727620755597,10.817750631933501,4.387363697506368,1.7685519100069527,2.168720678350143,3.9848279309238515,7.497500449534342,13.174446406855997,12.0507388653319,4.7994815861535205,2.4943398921177775,1.041524301857788,0.8557401046121521,1.7653074389560055,3.355447431516777,11.064070696153655,11.389768953786005,5.6182304848222016,2.488175957128821,0.8906366906578757,0.9174149491434195,1.5981766940221087,3.0357093259660406,26.457847814517162,502.1304437700296,8.389901147749242,4.0969629773417235,1.6707066401774011,1.1329739428225838,2.703635176728109,4.495723824430217,10.828918669016632,72.75442760383723,9.805897452586128,3.497950912411206,1.3835914422705111,0.7216793620214887,1.680032022115484,3.6447411875522047,23.527876305903657,90.0194243424194,11.547536259655454,4.692863417677271,1.9157783079390334,1.4553220888005258,3.49914596351785,6.491364262640031,90.58701822881724,23.513556084832796,10.483019912438616,4.682405240503586,1.5357262955655275,1.5654653635880087,3.847330309195296,6.693103116611493,936.85727422668,26.465344376309194,8.402055306351334,4.126799320900463,1.7609648415192154,1.0585464167323952,2.6553890162407052,4.80506522589176,66.930101874367,10.802747059220668,9.913548377455783,3.516450712331788,1.4616166533317823,0.5625398639400644,1.8394212660299845,3.521554437816827,0.0,17.45998321437176,0.35211932079448766,1.5666909270338998,0.3359837144977221,0.4752800071502791,0.38413375337825284,15.08505129436828
XU1.gbw:parametric:x0.01,18.55104958877411,23.473186401691834,108.9920697771204,21.253171974838974,19.596326516315163,18.856540295379233,18.05956509421744,15.799867466070879,15.576579245233857,18.431163621899927,55.46602351393586,18.891513022993735,19.95248409148917,18.47183374937361,20.61644471572127,17.69586202366354,18.511994510686783,50.91778418426529,23.4664326701067,12.150719900684148,14.5632835783018,19.365495143898276,18.232370648901018,19.214782487410705,23.84709237704451,18.073726341074142,17.653794908520478,18.070342198218565,19.132786738896804,20.525881831055003,19.409334616970646,18.061674787762332,16.837431963877215,19.008546549637686,18.029427838607965,15.841396644308578,20.56523631154001,18.417484324014634,18.507694537997452,16.423014559314623,20.469446772842314,22.580390620597687,555.3781660016168,21.844726028095998,17.766124946807743,19.333163502296415,19.65970118350723,20.81027285274002,19.824166160751496,18.694076459334774,56.30077775134315,21.057691580845116,17.905822993753688,17.820496250289782,18.559656430211582,17.65035808909624,17.11666519551274,23.47786400405161,109.08827388158309,23.045163842067822,19.062819704637658,19.65877430458882,18.202233826100144,16.254437198025265,14.869242091394517,109.78099181410602,23.473224892943872,12.832321795502212,16.60746104252388,15.94905299082815,17.652464735890696,19.955644989473402,19.624700732247014,1450.905327570896,21.046277616701506,19.39421040881364,20.87801684728936,18.399956418939478,17.705321757093365,19.222541582637096,18.594751830848786,67.79795639705559,17.391073564251023,18.25225143341409,18.886688306820492,18.831855542264506,18.22579303728717,19.064382756197464,18.295085493192886,17.45998321437176,0.0,16.94302308190147,17.71870836324294,19.41051688277838,18.105649759788555,18.199254680239797,3.0973473092602664
XU2.aol:parametric:x0.001,0.20537861990862147,22.82087362060445,86.10352263005213,10.548537365364792,4.640059493840987,1.8081673557008353,1.353402889297692,3.1995621308030096,6.1088079546399925,12.117341241723796,51.37493865195265,6.8593539326584025,2.921314144244479,1.0457153221833555,0.8306412085887966,2.0128319286303946,3.5630531725331585,47.67845981108311,22.817493344767243,10.153554872094762,4.333306961857526,1.66728096926049,2.0486191719410733,3.9320761269193545,7.562751764919578,13.12382655630179,11.843598193315973,4.507837244584684,2.313389589577398,0.8761400777081635,0.7510054444591835,1.7162447150565312,3.3123512007757303,10.626158525471478,11.355947596632426,5.618143063038858,2.423861179510232,0.7514076771957344,0.6976165876918442,1.4660874645069915,2.832934850551754,22.566709471245613,467.8922899255217,7.873951452489537,3.6342380313870954,1.3703664472620127,1.1773963248013268,2.709267490319699,4.2942069632085,9.57234994951189,61.32663524128855,8.51637959587571,3.0410239089464914,1.0825331229184736,0.9341468336350126,1.853069672081186,3.683287247041003,22.814226722677546,86.15077778446648,11.491005544648806,4.748086694803616,1.9536067363786396,1.5199531139712321,3.4855298519143942,6.318865628016512,86.69338712254469,22.812889308591647,10.02179143393487,4.73502560446616,1.7167023182032655,1.5856248059399163,3.875187634113365,6.69847989965048,752.381171334802,21.664104713460357,7.892660975434994,3.5407728563265284,1.2859701606469132,1.277506704617702,2.67993733518668,4.541941820098035,66.85051013567815,9.687869083304756,8.635515709941611,3.0421740515000275,1.1606730041759417,0.8452196861070761,1.8909065154306535,3.3888608974381254,0.35211932079448766,16.94302308190147,0.0,1.4530621911325707,0.35584925075628665,0.6249140690541263,0.19139009041434457,14.661766695741083
XU2.gbw:parametric:x0.01,1.380823131684766,24.153272162575075,84.98664044423559,10.344927273823979,4.307393510609593,1.3912096697245555,2.387671128280053,4.096759863781737,7.050440890471792,11.772256230638442,51.093762640308974,6.668144548495944,3.0634614008197105,1.4847573714856492,1.7018424562455536,1.922891535502096,3.560222613382744,47.44689513399912,24.149994191064284,11.058173951108403,5.085065657759176,2.919247598286864,1.9565536837334727,3.609390968493202,7.251953686654182,12.75655819530791,12.078768083138941,5.890127314988358,3.641541568024186,2.2883968582684666,0.6058401777762058,0.9682196707417924,2.1568190911283702,11.88246632113245,11.036194323770694,4.60466278542353,1.3537276632634276,0.7316398990938989,2.2122182820702307,2.701609685248938,4.164240687052374,22.919460440691047,483.95968918694354,9.351449697867654,4.996622222310609,2.6637623411118563,0.9116383469041109,2.3660220674498986,3.9561864459204963,9.253808501742498,58.165630444956044,8.065210748092346,3.2101868433733074,1.5019242604985272,1.883417143579541,2.396848027512459,3.4799202530134252,24.14682643356098,85.03214332170981,11.197529492616436,4.3546098006113,1.5494152765651028,3.0237211059804063,4.984794023037604,7.8760717296867755,85.56804010620812,24.145529496422462,11.57805354161605,6.343081349708665,3.1599084997571043,1.177975733384691,3.5520361089730024,6.097436033864367,827.5449859606582,22.92607119260195,9.359473684431896,4.796122681023893,2.5270880690411923,1.0995320053025215,2.311682178067706,4.384606921804514,66.92829953736182,9.393887182510134,8.186645075244911,2.9383970600131555,1.6180858288307869,1.8540362947849813,2.5122650638021615,3.5422335088989065,1.5666909270338998,17.71870836324294,1.4530621911325707,0.0,1.3990811767051163,1.2458890648453462,1.6189663964329044,15.355356694198692
XU3.aol:parametric:x0.001,0.1673411170588017,25.410373215309946,88.95181707208613,10.611259837520599,4.529570662313365,1.5379467435912313,1.8350278267437325,3.8332883271715446,7.050322158049183,13.330229480820787,51.83625788158243,7.50032979444163,3.2206386397403506,1.1977460539343818,0.761888337319411,1.892601965265579,3.729913298287385,48.01803901347064,25.421821670939043,11.36509863448885,4.850011975900094,2.1455642663004957,1.840159238297315,3.7610265319758156,7.496858472262185,13.139415752474102,11.9011029103693,4.687977236799217,2.462500911550858,1.002470090677152,0.6804000135750592,1.6208506107781266,3.251749161735556,10.668958849453219,11.342998393773627,5.558295204882356,2.359528117860406,0.7114791776802535,0.7894995639786995,1.595962947360175,2.987592347777218,23.723051424731626,483.09433452870735,8.115087134991674,3.8016952300506293,1.5062235481851134,1.122573014131999,2.8574547547358646,4.524853772009614,10.492985316633476,68.88911769531452,9.307778427274517,3.2899068761228896,1.2241485557654601,0.8452716748089837,1.7730983116716916,3.6710961889166422,25.418552690992225,89.00445398505013,11.570929766061182,4.5832369202641,1.685853601314857,1.8535559937359933,3.9261852900129353,7.268389810953825,89.56809544538302,25.41782475877686,11.557599492406386,5.230994302879139,1.901870107280734,1.4006698225156695,3.762753256591805,6.632019991288468,824.7237504797927,23.72964633841284,8.131449388447958,3.6875162834935113,1.4149979112913216,1.3225284192440498,2.814984877862366,4.801742375177829,66.87658038031788,10.476203283950328,9.420952203177887,3.3009420121836506,1.3034052900475348,0.6820527196951428,1.9259112614036376,3.554706758376169,0.3359837144977221,19.41051688277838,0.35584925075628665,1.3990811767051163,0.0,0.6625551733605628,0.4551763529504353,16.66025135616437
XU3.gbw:parametric:x0.01,0.6268479993335333,23.85673830272043,99.75819185765248,10.757188920662845,4.782540718134303,1.9370145699999446,1.4139390560749774,3.309765295662289,6.391829916918096,12.106779320497639,54.135400333289944,7.567275222477569,3.4632617582908716,1.5015558080382623,0.4078917348327328,1.632234863745667,3.212865903684441,49.892857643841154,23.85544723970067,10.891292534432312,4.356981332374991,1.715871442386485,2.651302414065758,4.127866895177917,7.885267570790005,13.186756310461583,12.092187142015602,5.165761429496225,2.9208045142720906,1.4322077285561332,0.5665729265132815,1.466913287387163,3.0839795880580394,11.165961124475443,11.39400271377766,5.39376450300467,2.201099534925003,0.5926541204439588,1.2212824574992283,2.0215010025278874,3.4470772800020972,23.238108767159368,486.3162726654778,8.62735615727596,4.272293583628924,1.9521366472200112,0.6203174854924879,2.1631748262224453,3.8750728667817866,9.445042175732489,63.860584585638044,9.292717167630359,3.5156730028430374,1.5276724140288704,0.6041053284445842,1.4362647367068049,3.3762734295351184,23.856026434367735,99.8315160441095,11.605384312756854,4.798735105779727,2.02635458352336,1.804934689512383,3.5353490277355744,6.7052047923217994,100.46131621847628,23.841313091342517,10.746005043224596,4.761327164755823,1.918413242098296,1.6166157416932818,4.039707890009361,6.724956724101687,840.0229841331264,23.2448198169996,8.639895631009134,4.245431880339301,1.980447676888742,0.6976007051068207,2.1453676434333007,4.137679315538007,66.9335103015408,9.60258768888995,9.405374445725746,3.52910672970827,1.651810091844398,0.5913157007306189,1.5074378280762857,3.026353687096157,0.4752800071502791,18.105649759788555,0.6249140690541263,1.2458890648453462,0.6625551733605628,0.0,0.7173202742927428,15.562332603628716
XU4.aol:parametric:x0.001,0.29073573501863426,24.353521325677086,83.43427500670504,10.810270288538698,4.842326016104572,1.9407372153900495,1.3463598914118056,3.2987856576548276,6.413767230524838,12.37567535698259,50.799799232196484,6.723110268411437,2.775414131156317,0.9008758942049595,0.9482091418850603,2.120127144218564,3.7362162260832674,47.22331404133377,24.352199723903507,11.038003529322873,4.3617985688308165,1.6880807563614415,2.0374930404747724,4.144826367602714,7.887452163616604,13.267435095107546,11.882454452312219,4.689302882463332,2.314754878493265,0.7810425503627746,0.9088954365077326,1.9253551041348274,3.433764986998228,11.263518932474303,11.458312835051002,5.7061526740007,2.6479714654873074,0.9267889066772763,0.623785105982802,1.40602118685685,2.8715719975701246,22.754720991283595,471.34242922195034,8.429270914834506,3.7398574404339575,1.3054276843501489,1.4034645801457677,2.6443011703708286,4.445557795096092,9.814721246653269,61.91301806271933,8.386002218712123,2.9102669039454256,0.9453523979960111,1.037856410993185,1.9713510174838826,3.899727516264287,24.352745771811904,83.47712092029852,11.789350657034685,4.945713797399524,2.095578615776973,1.401805018688139,3.4616688078918325,6.6876570518950444,84.00191205091755,24.340550454368923,10.849718596079201,4.697468639153805,1.4948134654208118,1.704242890499241,4.100830125837987,6.905091233361154,767.4959071006808,21.975302384856004,8.438675440671418,3.6463636697632524,1.383461668846379,1.2740927091262377,2.773640371919792,4.55697458966703,66.8639816328826,9.994146766791896,8.506524194766278,2.9088121425992832,1.0256222125718863,0.9117865688137563,2.0487061063189045,3.5661935041203816,0.38413375337825284,18.199254680239797,0.19139009041434457,1.6189663964329044,0.4551763529504353,0.7173202742927428,0.0,15.623328319223287
XU4.gbw:parametric:x0.01,15.961547835318388,25.747160264023968,135.9378349453963,20.051003611603473,17.713958481472744,16.55291054379228,15.199229134205659,13.00816236723016,11.966913385651235,15.855418243789842,59.06677675034893,16.22385274697713,16.99377118677084,15.902549826156584,17.556629822191713,15.284084985293578,15.959001028403794,53.80346635227751,25.760870576533286,10.424749539498695,11.82821932160686,16.09472301571201,16.05296803120507,17.260070110242946,21.709290072034257,15.55414267201919,15.259903825791568,15.577049571148178,16.414642771294382,17.464665607832654,16.649015679767455,15.568674921919163,14.618478154402203,16.31216077120288,15.535862371227735,13.825259385951995,17.541528902863117,15.833287235812472,15.909561243118935,14.28302133844721,17.40558857585503,23.275749586935508,551.2906624153363,18.46462304390787,15.343945049214907,16.533450503393606,16.82923329425542,17.668410629814254,16.980209298672005,16.068533344869504,72.50791288735552,17.869509275388854,15.425225207460706,15.386210472459894,15.94732870421598,15.273722872823948,14.849690843884666,25.756955748358237,136.11983745953967,21.676123995888474,17.278296539833796,17.22195373384444,15.322207090271762,13.35711795492704,11.454271298295122,136.9861458034718,25.755220015900672,10.076124384519494,13.276066165382423,13.559623232482418,15.545584281880592,17.867978959191866,18.038676963111193,1398.004417539623,23.264309224859396,16.60260194626805,17.740767176588943,15.815911756427944,15.312927477128325,16.502952173862575,15.995549186564505,67.67258372130553,15.031387320284164,15.75191474840767,16.266253818296903,16.188079030045163,15.707718648652163,16.405159918042063,15.738996380080339,15.08505129436828,3.0973473092602664,14.661766695741083,15.355356694198692,16.66025135616437,15.562332603628716,15.623328319223287,0.0
